$date
	Mon Jul 20 18:04:27 2026
$end
$version
	QuestaSim Version 10.7c
$end
$timescale
	1ns
$end

$scope module tb_top_des $end
$var reg 1 ! clk $end
$var reg 1 " rst_n $end

$scope module dut $end
$var wire 1 # clk $end
$var wire 1 $ rst_n $end
$var reg 1 % desc_ready $end
$var reg 64 & desc_result [63:0] $end
$var reg 48 ' round_key [47:0] $end
$var reg 1 ( key_process $end
$var reg 1 ) rkey_en $end
$var reg 1 * shift_right_1 $end
$var reg 1 + shift_left_1 $end
$var reg 1 , decipher_process $end
$var reg 1 - encipher_process $end
$var reg 4 . r_counter [3:0] $end

$scope module des_algorithm_inst $end
$var reg 64 / desc_result [63:0] $end
$var reg 32 0 ln [31:0] $end
$var reg 32 1 rn [31:0] $end
$var reg 32 2 l_input [31:0] $end
$var reg 32 3 r_input [31:0] $end
$var reg 32 4 f_value [31:0] $end

$scope module ip_inst $end
$var reg 32 5 l_input [31:0] $end
$var reg 32 6 r_input [31:0] $end
$var reg 64 7 ip_input [63:0] $end
$var reg 32 8 l0 [31:0] $end
$var reg 32 9 r0 [31:0] $end
$var reg 1 : lr_sel $end
$upscope $end

$scope module des_inst $end
$var reg 32 ; f_value [31:0] $end
$var reg 48 < re_xor_key [47:0] $end
$var reg 48 = re [47:0] $end
$var reg 6 > s1_in [5:0] $end
$var reg 6 ? s2_in [5:0] $end
$var reg 6 @ s3_in [5:0] $end
$var reg 6 A s4_in [5:0] $end
$var reg 6 B s5_in [5:0] $end
$var reg 6 C s6_in [5:0] $end
$var reg 6 D s7_in [5:0] $end
$var reg 6 E s8_in [5:0] $end
$var reg 4 F s1_out [3:0] $end
$var reg 4 G s2_out [3:0] $end
$var reg 4 H s3_out [3:0] $end
$var reg 4 I s4_out [3:0] $end
$var reg 4 J s5_out [3:0] $end
$var reg 4 K s6_out [3:0] $end
$var reg 4 L s7_out [3:0] $end
$var reg 4 M s8_out [3:0] $end
$var reg 32 N p_in [31:0] $end

$scope module etable_inst $end
$var reg 48 O re [47:0] $end
$upscope $end

$scope module sbox $end
$var reg 4 P s1_out [3:0] $end
$var reg 4 Q s2_out [3:0] $end
$var reg 4 R s3_out [3:0] $end
$var reg 4 S s4_out [3:0] $end
$var reg 4 T s5_out [3:0] $end
$var reg 4 U s6_out [3:0] $end
$var reg 4 V s7_out [3:0] $end
$var reg 4 W s8_out [3:0] $end

$scope begin Select_function $end
$upscope $end
$upscope $end

$scope module P_inst $end
$var reg 32 X f_value [31:0] $end
$upscope $end
$upscope $end

$scope module ip_1_inst $end
$var reg 32 Y ln [31:0] $end
$var reg 32 Z rn [31:0] $end
$var reg 64 [ desc_result [63:0] $end
$var reg 64 \ inv_p_input [63:0] $end
$upscope $end
$upscope $end

$scope module key_schedule_inst $end
$var reg 48 ] round_key [47:0] $end
$var reg 28 ^ cn [27:0] $end
$var reg 28 _ dn [27:0] $end
$var reg 56 ` cn_dn [55:0] $end
$var reg 28 a cin [27:0] $end
$var reg 28 b din [27:0] $end

$scope module pc1_inst $end
$var reg 28 c cin [27:0] $end
$var reg 28 d din [27:0] $end
$var reg 28 e c0 [27:0] $end
$var reg 28 f d0 [27:0] $end
$var reg 1 g rkey_sel $end
$upscope $end

$scope module shifter_inst $end
$var reg 28 h cn [27:0] $end
$var reg 28 i dn [27:0] $end
$upscope $end

$scope module pc2_inst $end
$var reg 48 j round_key [47:0] $end
$upscope $end
$upscope $end

$scope module controller_inst $end
$var reg 1 k key_process $end
$var reg 1 l rkey_en $end
$var reg 1 m shift_right_1 $end
$var reg 1 n shift_left_1 $end
$var reg 1 o decipher_process $end
$var reg 1 p encipher_process $end
$var reg 4 q r_counter [3:0] $end
$var reg 1 r desc_ready $end
$var reg 1 s k16_calculation $end
$var reg 1 t encipher_en_sync $end
$var reg 1 u k16_complete $end
$var reg 1 v shift_left $end
$upscope $end
$upscope $end

$scope module t1 $end
$var integer 32 w timeout $end
$upscope $end

$scope module chk $end

$scope begin ASSERT_DESC_READY $end
$upscope $end
$upscope $end
$upscope $end
$enddefinitions $end
#0
$dumpvars
0!
0"
1%
bx &
bx '
0(
0)
1*
1+
0,
0-
b0 .
bx /
bx 0
bx 1
bx 2
bx 3
b111000110110111111100111001011 4
bx 5
bx 6
bx 7
bx 8
bx 9
1:
b111000110110111111100111001011 ;
bx <
bx =
bx >
bx ?
bx @
bx A
bx B
bx C
bx D
bx E
b1101 F
b1001 G
b1100 H
b1110 I
b11 J
b1101 K
b1100 L
b1011 M
b11011001110011100011110111001011 N
bx O
b1101 P
b1001 Q
b1100 R
b1110 S
b11 T
b1101 U
b1100 V
b1011 W
b111000110110111111100111001011 X
bx Y
bx Z
bx [
bx \
bx ]
bx ^
bx _
bx `
bx a
bx b
bx c
bx d
bx e
bx f
0g
bx h
bx i
bx j
0k
0l
1m
1n
0o
0p
b0 q
1r
0s
0t
0u
1v
b11111010000 w
0#
0$
$end
#2
1!
1#
b0 h
b0 i
bx h
bx i
#4
0!
0#
#5
1"
1$
b0 e
b0 f
b0 7
b0 8
b0 9
b0 d
b0 c
b0 a
b0 b
b0 6
b0 5
b0 2
b0 3
b0 O
b0 =
#6
1!
1#
b1010001001110101010010110001 e
b1100110101100100111010101 f
b1110001110000101010001101100010001100011011001000001111001110111 7
b11100011100001010100011011000100 8
b1100011011001000001111001110111 9
b1100110101100100111010101 d
b1010001001110101010010110001 c
b1010001001110101010010110001 a
b1100110101100100111010101 b
b1100011011001000001111001110111 6
b11100011100001010100011011000100 5
b11100011100001010100011011000100 2
b1100011011001000001111001110111 3
b101100000110101100001000000011111100001110101110 O
b101100000110101100001000000011111100001110101110 =
#8
0!
0#
#10
1!
1#
1k
1(
0r
0%
#12
0!
0#
#14
1!
1#
b100010011101010100101100011 h
b11001101011001001110101010 i
b1 q
1s
b1 .
1l
b11001101011001001110101010 _
b100010011101010100101100011 ^
b1000100111010101001011000110011001101011001001110101010 `
1)
0v
0:
bx 5
bx 6
0m
1g
b11000011101100000001111101011011001110001000101 j
b11000011101100000001111101011011001110001000101 ]
b100010011101010100101100011 c
b11001101011001001110101010 d
0*
bx 3
bx 2
bx O
b11001101011001001110101010 b
b100010011101010100101100011 a
b11000011101100000001111101011011001110001000101 '
b110100011011001100000111101000100101111111101011 <
bx =
bx <
#16
0!
0#
#18
1!
1#
b10 q
b1000100111010101001011000110 h
b110011010110010011101010100 i
b110011010110010011101010100 _
b1000100111010101001011000110 ^
b10 .
0n
0+
b1000100111010101001011000110 c
b110011010110010011101010100 d
b10001001110101010010110001100110011010110010011101010100 `
b100011000011011011101000011110110001001010101000 j
b110011010110010011101010100 b
b1000100111010101001011000110 a
b100011000011011011101000011110110001001010101000 ]
b100011000011011011101000011110110001001010101000 '
#20
0!
0#
#22
1!
1#
b10011101010100101100011010 h
b1001101011001001110101010001 i
b11 q
b11 .
b1001101011001001110101010001 _
b10011101010100101100011010 ^
b10011101010100101100011010 c
b1001101011001001110101010001 d
b100111010101001011000110101001101011001001110101010001 `
b110100100101011001011100110100000111100100101011 j
b1001101011001001110101010001 b
b10011101010100101100011010 a
b110100100101011001011100110100000111100100101011 ]
b110100100101011001011100110100000111100100101011 '
#24
0!
0#
#26
1!
1#
b100 q
b1001110101010010110001101000 h
b110101100100111010101000110 i
b110101100100111010101000110 _
b1001110101010010110001101000 ^
b100 .
b1001110101010010110001101000 c
b110101100100111010101000110 d
b10011101010100101100011010000110101100100111010101000110 `
b10011001101101101000000001001100011101000111100 j
b110101100100111010101000110 b
b1001110101010010110001101000 a
b10011001101101101000000001001100011101000111100 ]
b10011001101101101000000001001100011101000111100 '
#28
0!
0#
#30
1!
1#
b111010101001011000110100010 h
b1010110010011101010100011001 i
b101 q
b101 .
b1010110010011101010100011001 _
b111010101001011000110100010 ^
b111010101001011000110100010 c
b1010110010011101010100011001 d
b1110101010010110001101000101010110010011101010100011001 `
b101111100101101111111100010011100111110010 j
b1010110010011101010100011001 b
b111010101001011000110100010 a
b101111100101101111111100010011100111110010 ]
b101111100101101111111100010011100111110010 '
#32
0!
0#
#34
1!
1#
b110 q
b1101010100101100011010001001 h
b1011001001110101010001100110 i
b1011001001110101010001100110 _
b1101010100101100011010001001 ^
b110 .
b1101010100101100011010001001 c
b1011001001110101010001100110 d
b11010101001011000110100010011011001001110101010001100110 `
b101010010110010101000011001001011000101000111011 j
b1011001001110101010001100110 b
b1101010100101100011010001001 a
b101010010110010101000011001001011000101000111011 ]
b101010010110010101000011001001011000101000111011 '
#36
0!
0#
#38
1!
1#
b101010010110001101000100111 h
b1100100111010101000110011010 i
b111 q
b111 .
1m
b1100100111010101000110011010 _
b101010010110001101000100111 ^
b101010010110001101000100111 c
b1100100111010101000110011010 d
b1010100101100011010001001111100100111010101000110011010 `
1*
b11000010100111110101001010101110011110001010110 j
b1100100111010101000110011010 b
b101010010110001101000100111 a
b11000010100111110101001010101110011110001010110 ]
b11000010100111110101001010101110011110001010110 '
#40
0!
0#
#42
1!
1#
b1000 q
b101001011000110100010011101 h
b10011101010100011001101011 i
b10011101010100011001101011 _
b101001011000110100010011101 ^
b1000 .
1n
0m
0*
1+
b101001011000110100010011101 c
b10011101010100011001101011 d
b1010010110001101000100111010010011101010100011001101011 `
b110100011011000110010001001011011000000111111100 j
b10011101010100011001101011 b
b101001011000110100010011101 a
b110100011011000110010001001011011000000111111100 ]
b110100011011000110010001001011011000000111111100 '
#44
0!
0#
#46
1!
1#
b1010010110001101000100111010 h
b100111010101000110011010110 i
b1001 q
b1001 .
0n
b100111010101000110011010110 _
b1010010110001101000100111010 ^
b1010010110001101000100111010 c
b100111010101000110011010110 d
b10100101100011010001001110100100111010101000110011010110 `
0+
b100110100100100001101110110101100110011010101000 j
b100111010101000110011010110 b
b1010010110001101000100111010 a
b100110100100100001101110110101100110011010101000 ]
b100110100100100001101110110101100110011010101000 '
#48
0!
0#
#50
1!
1#
b1010 q
b1001011000110100010011101010 h
b11101010100011001101011001 i
b11101010100011001101011001 _
b1001011000110100010011101010 ^
b1010 .
b1001011000110100010011101010 c
b11101010100011001101011001 d
b10010110001101000100111010100011101010100011001101011001 `
b101010000110101100011000011110000011101101001001 j
b11101010100011001101011001 b
b1001011000110100010011101010 a
b101010000110101100011000011110000011101101001001 ]
b101010000110101100011000011110000011101101001001 '
#52
0!
0#
#54
1!
1#
b101100011010001001110101010 h
b1110101010001100110101100100 i
b1011 q
b1011 .
b1110101010001100110101100100 _
b101100011010001001110101010 ^
b101100011010001001110101010 c
b1110101010001100110101100100 d
b1011000110100010011101010101110101010001100110101100100 `
b1000011111100101101101100101111000000111010 j
b1110101010001100110101100100 b
b101100011010001001110101010 a
b1000011111100101101101100101111000000111010 ]
b1000011111100101101101100101111000000111010 '
#56
0!
0#
#58
1!
1#
b1100 q
b110001101000100111010101001 h
b1010101000110011010110010011 i
b1010101000110011010110010011 _
b110001101000100111010101001 ^
b1100 .
b110001101000100111010101001 c
b1010101000110011010110010011 d
b1100011010001001110101010011010101000110011010110010011 `
b110000110011110001010001011001010011111100100010 j
b1010101000110011010110010011 b
b110001101000100111010101001 a
b110000110011110001010001011001010011111100100010 ]
b110000110011110001010001011001010011111100100010 '
#60
0!
0#
#62
1!
1#
b1000110100010011101010100101 h
b1010100011001101011001001110 i
b1101 q
b1101 .
b1010100011001101011001001110 _
b1000110100010011101010100101 ^
b1000110100010011101010100101 c
b1010100011001101011001001110 d
b10001101000100111010101001011010100011001101011001001110 `
b10011011110111011100000101111000010100001111010 j
b1010100011001101011001001110 b
b1000110100010011101010100101 a
b10011011110111011100000101111000010100001111010 ]
b10011011110111011100000101111000010100001111010 '
#64
0!
0#
#66
1!
1#
b1110 q
b11010001001110101010010110 h
b1010001100110101100100111010 i
b1010001100110101100100111010 _
b11010001001110101010010110 ^
b1110 .
1m
1*
b11010001001110101010010110 c
b1010001100110101100100111010 d
b110100010011101010100101101010001100110101100100111010 `
b110100101111010110001010011001011101101001010110 j
b1010001100110101100100111010 b
b11010001001110101010010110 a
b110100101111010110001010011001011101101001010110 ]
b110100101111010110001010011001011101101001010110 '
#68
0!
0#
#70
1!
1#
b1101000100111010101001011000 h
b1000110011010110010011101010 i
b1111 q
b1111 .
0m
1u
b1000110011010110010011101010 _
b1101000100111010101001011000 ^
b1101000100111010101001011000 c
b1000110011010110010011101010 d
b11010001001110101010010110001000110011010110010011101010 `
1v
0*
1n
1m
b11110001000011101000011000101011010010011111010 j
b1000110011010110010011101010 b
b1101000100111010101001011000 a
b11110001000011101000011000101011010010011111010 ]
1*
1+
b11110001000011101000011000101011010010011111010 '
#72
0!
0#
#74
1!
1#
1o
b0 q
b1010001001110101010010110001 h
b1100110101100100111010101 i
b1100110101100100111010101 _
b1010001001110101010010110001 ^
b0 .
0l
0u
1,
0)
1:
b1010001001110101010010110001 c
b1100110101100100111010101 d
b10100010011101010100101100010001100110101100100111010101 `
b101110110011101000110000110100000111011100011101 j
b1100110101100100111010101 b
b1010001001110101010010110001 a
b11100011100001010100011011000100 5
b1100011011001000001111001110111 6
b1100011011001000001111001110111 3
b11100011100001010100011011000100 2
b101110110011101000110000110100000111011100011101 ]
b101110110011101000110000110100000111011100011101 '
b101100000110101100001000000011111100001110101110 O
b101100000110101100001000000011111100001110101110 =
b10110101000100111000110111111011010010110011 <
b10 >
b110101 ?
b100 @
b111000 A
b110111 B
b111011 C
b10010 D
b110011 E
b1100 W
b0 U
b1001 T
b101 S
b1001 R
b111 Q
b100 P
b100 F
b111 G
b1001 H
b101 I
b1001 J
b0 K
b1100 M
b1000111100101011001000011001100 N
b11101101000100001101000100110001 X
b11101101000100001101000100110001 ;
b11101101000100001101000100110001 4
#76
0!
0#
#78
1!
1#
b1100011011001000001111001110111 Y
b1110100101011001011111110101 Z
b1101000100111010101001011000 h
b1000110011010110010011101010 i
b1 q
0s
b1 .
1l
b1000110011010110010011101010 _
b1101000100111010101001011000 ^
b1110100101011001011111110101 1
b1100011011001000001111001110111 0
b111010010101100101111111010101100011011001000001111001110111 \
b1001011111001110011111110100100000011111101000111010001100010101 [
b1101000100111010101001011000 c
b1000110011010110010011101010 d
b11010001001110101010010110001000110011010110010011101010 `
1)
0v
0:
b1100011011001000001111001110111 5
b1110100101011001011111110101 6
0m
b11110001000011101000011000101011010010011111010 j
b1000110011010110010011101010 b
b1101000100111010101001011000 a
b1001011111001110011111110100100000011111101000111010001100010101 /
b1001011111001110011111110100100000011111101000111010001100010101 &
b11110001000011101000011000101011010010011111010 ]
0*
b1110100101011001011111110101 3
b1100011011001000001111001110111 2
b100001011101010010101011110010101111111110101010 O
b11110001000011101000011000101011010010011111010 '
b110010001110110001001011000110100110011101010100 <
b100001011101010010101011110010101111111110101010 =
b111111010101001111101000110111110101101101010000 <
b111111 >
b10101 ?
b1111 @
b101000 A
b110101 C
b101101 D
b10000 E
b1010 W
b1010 V
b1 U
b1100 S
b1010 R
b1 Q
b1101 P
b1101 F
b1 G
b1010 H
b1100 I
b1 K
b1010 L
b1010 M
b11010001101011001001000110101010 N
b101001100000101111010101000111 X
b101001100000101111010101000111 ;
b101001100000101111010101000111 4
#80
0!
0#
#82
1!
1#
b1110100101011001011111110101 Y
b1001010111001101110101100110000 Z
b10 q
b11010001001110101010010110 h
b1010001100110101100100111010 i
b1010001100110101100100111010 _
b11010001001110101010010110 ^
b10 .
0n
b1001010111001101110101100110000 1
b1110100101011001011111110101 0
b100101011100110111010110011000000001110100101011001011111110101 \
b10111011011100101110101100010000101011000101110101011000111110 [
b1110100101011001011111110101 5
b1001010111001101110101100110000 6
0+
b11010001001110101010010110 c
b1010001100110101100100111010 d
b110100010011101010100101101010001100110101100100111010 `
b110100101111010110001010011001011101101001010110 j
b1010001100110101100100111010 b
b11010001001110101010010110 a
b1001010111001101110101100110000 3
b1110100101011001011111110101 2
b10111011011100101110101100010000101011000101110101011000111110 /
b10111011011100101110101100010000101011000101110101011000111110 &
b1001010101011100001101011101010110100110100000 O
b110100101111010110001010011001011101101001010110 ]
b110100101111010110001010011001011101101001010110 '
b1001010101011100001101011101010110100110100000 =
b111101111010001010000111000100001011001111110110 <
b111101 >
b111010 ?
b1010 @
b111 A
b100 B
b1011 C
b1111 D
b110110 E
b1101 W
b1100 U
b100 T
b101 S
b11 R
b11 Q
b110 P
b110 F
b11 G
b11 H
b101 I
b100 J
b1100 K
b1101 M
b1100011001101010100110010101101 N
b11011100000001001101111000101101 X
b11011100000001001101111000101101 ;
b11011100000001001101111000101101 4
#84
0!
0#
#86
1!
1#
b1001010111001101110101100110000 Y
b11010010100100010100100111011000 Z
b1000110100010011101010100101 h
b1010100011001101011001001110 i
b11 q
b11 .
b1010100011001101011001001110 _
b1000110100010011101010100101 ^
b11010010100100010100100111011000 1
b1001010111001101110101100110000 0
b1101001010010001010010011101100001001010111001101110101100110000 \
b1110011101000001000001000110101010011001010101110110101111001 [
b1001010111001101110101100110000 5
b11010010100100010100100111011000 6
b1000110100010011101010100101 c
b1010100011001101011001001110 d
b10001101000100111010101001011010100011001101011001001110 `
b10011011110111011100000101111000010100001111010 j
b1010100011001101011001001110 b
b1000110100010011101010100101 a
b11010010100100010100100111011000 3
b1001010111001101110101100110000 2
b1110011101000001000001000110101010011001010101110110101111001 /
b1110011101000001000001000110101010011001010101110110101111001 &
b11010100101010010100010101001010011111011110001 O
b10011011110111011100000101111000010100001111010 ]
b10011011110111011100000101111000010100001111010 '
b11010100101010010100010101001010011111011110001 =
b1001111011101001000010000110010001011010001011 <
b1001 >
b111011 ?
b101001 @
b10 A
b110 B
b10001 C
b11010 D
b1011 E
b11 W
b110 U
b1 T
b1101 S
b110 R
b101 Q
b1110 P
b1110 F
b101 G
b110 H
b1101 I
b1 J
b110 K
b11 M
b11100101011011010001011010100011 N
b10100000101000111101111001011101 X
b10100000101000111101111001011101 ;
b10100000101000111101111001011101 4
#88
0!
0#
#90
1!
1#
b11010010100100010100100111011000 Y
b11101010010001010011010101101101 Z
b100 q
b110001101000100111010101001 h
b1010101000110011010110010011 i
b1010101000110011010110010011 _
b110001101000100111010101001 ^
b100 .
b11101010010001010011010101101101 1
b11010010100100010100100111011000 0
b1110101001000101001101010110110111010010100100010100100111011000 \
b11110111000000000101010100101110100110010001011101101111100010 [
b11010010100100010100100111011000 5
b11101010010001010011010101101101 6
b110001101000100111010101001 c
b1010101000110011010110010011 d
b1100011010001001110101010011010101000110011010110010011 `
b110000110011110001010001011001010011111100100010 j
b1010101000110011010110010011 b
b110001101000100111010101001 a
b11101010010001010011010101101101 3
b11010010100100010100100111011000 2
b11110111000000000101010100101110100110010001011101101111100010 /
b11110111000000000101010100101110100110010001011101101111100010 &
b111101010100001000001010100110101010101101011011 O
b110000110011110001010001011001010011111100100010 ]
b110000110011110001010001011001010011111100100010 '
b111101010100001000001010100110101010101101011011 =
b1101100111111001011011111111111001010001111001 <
b1101 >
b100111 ?
b111001 @
b11011 A
b111111 B
b111001 C
b10001 D
b111001 E
b1110 V
b11 T
b1010 S
b1011 R
b1 Q
b1101 P
b1101 F
b1 G
b1011 H
b1010 I
b11 J
b1110 L
b11010001101110100011011011100011 N
b100100111100101100110111001111 X
b100100111100101100110111001111 ;
b100100111100101100110111001111 4
#92
0!
0#
#94
1!
1#
b11101010010001010011010101101101 Y
b11110110011000111000010000010111 Z
b101100011010001001110101010 h
b1110101010001100110101100100 i
b101 q
b101 .
b1110101010001100110101100100 _
b101100011010001001110101010 ^
b11110110011000111000010000010111 1
b11101010010001010011010101101101 0
b1111011001100011100001000001011111101010010001010011010101101101 \
b11101111010001011011111000001001001001110110101111001011000100 [
b11101010010001010011010101101101 5
b11110110011000111000010000010111 6
b101100011010001001110101010 c
b1110101010001100110101100100 d
b1011000110100010011101010101110101010001100110101100100 `
b1000011111100101101101100101111000000111010 j
b1110101010001100110101100100 b
b101100011010001001110101010 a
b11110110011000111000010000010111 3
b11101010010001010011010101101101 2
b11101111010001011011111000001001001001110110101111001011000100 /
b11101111010001011011111000001001001001110110101111001011000100 &
b111110101100001100000111110000001000000010101111 O
b1000011111100101101101100101111000000111010 ]
b1000011111100101101101100101111000000111010 '
b111110101100001100000111110000001000000010101111 =
b111111101111110000101010011100100111000010010101 <
b111111 >
b101111 ?
b110000 @
b101010 A
b11100 B
b100111 C
b10 D
b10101 E
b110 W
b1011 V
b1100 U
b1110 T
b1011 S
b10 Q
b10 G
b1011 I
b1110 J
b1100 K
b1011 L
b110 M
b11010010101110111110110010110110 N
b11010111110001101000010111101111 X
b11010111110001101000010111101111 ;
b11010111110001101000010111101111 4
#96
0!
0#
#98
1!
1#
b11110110011000111000010000010111 Y
b111101100000111011000010000010 Z
b110 q
b1001011000110100010011101010 h
b11101010100011001101011001 i
b11101010100011001101011001 _
b1001011000110100010011101010 ^
b110 .
b111101100000111011000010000010 1
b11110110011000111000010000010111 0
b11110110000011101100001000001011110110011000111000010000010111 \
b111001010110011110010100100000011000110111001001010000010011101 [
b11110110011000111000010000010111 5
b111101100000111011000010000010 6
b1001011000110100010011101010 c
b11101010100011001101011001 d
b10010110001101000100111010100011101010100011001101011001 `
b101010000110101100011000011110000011101101001001 j
b11101010100011001101011001 b
b1001011000110100010011101010 a
b111101100000111011000010000010 3
b11110110011000111000010000010111 2
b111001010110011110010100100000011000110111001001010000010011101 /
b111001010110011110010100100000011000110111001001010000010011101 &
b111111011110000000111110110100001010000000100 O
b101010000110101100011000011110000011101101001001 ]
b101010000110101100011000011110000011101101001001 '
b111111011110000000111110110100001010000000100 =
b101101111101011100011111101000100010111101001101 <
b101101 >
b111101 ?
b11100 @
b11111 A
b101000 B
b100010 C
b111101 D
b1101 E
b111 W
b11 V
b1110 U
b1010 T
b1001 S
b10 R
b1110 Q
b1 P
b1 F
b1110 G
b10 H
b1001 I
b1010 J
b1110 K
b11 L
b111 M
b11110001010011010111000110111 N
b11010011001010100000110011111110 X
b11010011001010100000110011111110 ;
b11010011001010100000110011111110 4
#100
0!
0#
#102
1!
1#
b111101100000111011000010000010 Y
b100101010010011000100011101001 Z
b1010010110001101000100111010 h
b100111010101000110011010110 i
b111 q
b111 .
1m
b100111010101000110011010110 _
b1010010110001101000100111010 ^
b100101010010011000100011101001 1
b111101100000111011000010000010 0
b10010101001001100010001110100100111101100000111011000010000010 \
b1111000100100010110000001001010110001000110010010001000100101111 [
b111101100000111011000010000010 5
b100101010010011000100011101001 6
b1010010110001101000100111010 c
b100111010101000110011010110 d
b10100101100011010001001110100100111010101000110011010110 `
1*
b100110100100100001101110110101100110011010101000 j
b100111010101000110011010110 b
b1010010110001101000100111010 a
b100101010010011000100011101001 3
b111101100000111011000010000010 2
b1111000100100010110000001001010110001000110010010001000100101111 /
b1111000100100010110000001001010110001000110010010001000100101111 &
b100100001010101001010011110001010001011101010010 O
b100110100100100001101110110101100110011010101000 ]
b100110100100100001101110110101100110011010101000 '
b100100001010101001010011110001010001011101010010 =
b10101110001000111101000100110111000111111010 <
b10 >
b101110 ?
b1000 @
b111101 A
b100 B
b110111 C
b111 D
b111010 E
b11 W
b111 V
b111 U
b100 T
b10 S
b110 R
b1 Q
b100 P
b100 F
b1 G
b110 H
b10 I
b100 J
b111 K
b111 L
b11 M
b1000001011000100100011101110011 N
b10011101111110110000001100 X
b10011101111110110000001100 ;
b10011101111110110000001100 4
#104
0!
0#
#106
1!
1#
b100101010010011000100011101001 Y
b111111111101000101110010001110 Z
b1000 q
b101001011000110100010011101 h
b10011101010100011001101011 i
b10011101010100011001101011 _
b101001011000110100010011101 ^
b1000 .
1n
0m
b111111111101000101110010001110 1
b100101010010011000100011101001 0
b11111111110100010111001000111000100101010010011000100011101001 \
b1110001001000001110101010110111101010100110100100011011000011011 [
b100101010010011000100011101001 5
b111111111101000101110010001110 6
0*
1+
b101001011000110100010011101 c
b10011101010100011001101011 d
b1010010110001101000100111010010011101010100011001101011 `
b110100011011000110010001001011011000000111111100 j
b10011101010100011001101011 b
b101001011000110100010011101 a
b111111111101000101110010001110 3
b100101010010011000100011101001 2
b1110001001000001110101010110111101010100110100100011011000011011 /
b1110001001000001110101010110111101010100110100100011011000011011 &
b111111111111110101000001011111001010001011100 O
b110100011011000110010001001011011000000111111100 ]
b110100011011000110010001001011011000000111111100 '
b111111111111110101000001011111001010001011100 =
b110011100100111000111001000000100001010110100000 <
b110011 >
b100100 ?
b111000 @
b111001 A
b0 B
b100001 C
b10110 D
b100000 E
b111 W
b100 U
b10 T
b1100 S
b101 R
b111 Q
b1011 P
b1011 F
b111 G
b101 H
b1100 I
b10 J
b100 K
b111 M
b10110111010111000010010001110111 N
b1000110100100110101111011111010 X
b1000110100100110101111011111010 ;
b1000110100100110101111011111010 4
#108
0!
0#
#110
1!
1#
b111111111101000101110010001110 Y
b1100011110110101101011000010011 Z
b101010010110001101000100111 h
b1100100111010101000110011010 i
b1001 q
b1001 .
0n
b1100100111010101000110011010 _
b101010010110001101000100111 ^
b1100011110110101101011000010011 1
b111111111101000101110010001110 0
b110001111011010110101100001001100111111111101000101110010001110 \
b1100000111010111101011101001101010111101111000000111110000110110 [
b111111111101000101110010001110 5
b1100011110110101101011000010011 6
b101010010110001101000100111 c
b1100100111010101000110011010 d
b1010100101100011010001001111100100111010101000110011010 `
0+
b11000010100111110101001010101110011110001010110 j
b1100100111010101000110011010 b
b101010010110001101000100111 a
b1100011110110101101011000010011 3
b111111111101000101110010001110 2
b1100000111010111101011101001101010111101111000000111110000110110 /
b1100000111010111101011101001101010111101111000000111110000110110 &
b101100000111111011110101011010101100000010100110 O
b11000010100111110101001010101110011110001010110 ]
b11000010100111110101001010101110011110001010110 '
b101100000111111011110101011010101100000010100110 =
b110100010011000101011100001111011111110011110000 <
b110100 >
b10011 ?
b101 @
b11100 A
b1111 B
b11111 C
b110011 D
b110000 E
b0 W
b101 V
b1000 U
b1 T
b100 S
b0 R
b0 Q
b1001 P
b1001 F
b0 G
b0 H
b100 I
b1 J
b1000 K
b101 L
b0 M
b10010000000001000001100001010000 N
b110010100100000001000000000010 X
b110010100100000001000000000010 ;
b110010100100000001000000000010 4
#112
0!
0#
#114
1!
1#
b1100011110110101101011000010011 Y
b1101011001000100110010001100 Z
b1010 q
b1101010100101100011010001001 h
b1011001001110101010001100110 i
b1011001001110101010001100110 _
b1101010100101100011010001001 ^
b1010 .
b1101011001000100110010001100 1
b1100011110110101101011000010011 0
b110101100100010011001000110001100011110110101101011000010011 \
b1100001010101010010111010110010100101010100100001011110000101001 [
b1100011110110101101011000010011 5
b1101011001000100110010001100 6
b1101010100101100011010001001 c
b1011001001110101010001100110 d
b11010101001011000110100010011011001001110101010001100110 `
b101010010110010101000011001001011000101000111011 j
b1011001001110101010001100110 b
b1101010100101100011010001001 a
b1101011001000100110010001100 3
b1100011110110101101011000010011 2
b1100001010101010010111010110010100101010100100001011110000101001 /
b1100001010101010010111010110010100101010100100001011110000101001 &
b1011010101100001000001001011001010001011000 O
b101010010110010101000011001001011000101000111011 ]
b101010010110010101000011001001011000101000111011 '
b1011010101100001000001001011001010001011000 =
b101011001100111001001011000000000001111001100011 <
b101011 >
b1100 ?
b111001 @
b1011 A
b0 B
b1 C
b111001 D
b100011 E
b1 W
b1110 V
b1010 U
b10 T
b1111 S
b1011 R
b11 Q
b11 G
b1011 H
b1111 I
b10 J
b1010 K
b1110 L
b1 M
b10010011101111110010101011100001 N
b11010100111100000101110111000111 X
b11010100111100000101110111000111 ;
b11010100111100000101110111000111 4
#116
0!
0#
#118
1!
1#
b1101011001000100110010001100 Y
b10110111001010101000101111010100 Z
b111010101001011000110100010 h
b1010110010011101010100011001 i
b1011 q
b1011 .
b1010110010011101010100011001 _
b111010101001011000110100010 ^
b10110111001010101000101111010100 1
b1101011001000100110010001100 0
b1011011100101010100010111101010000001101011001000100110010001100 \
b1100010001010100111010111001111001000001011100000010100101000111 [
b1101011001000100110010001100 5
b10110111001010101000101111010100 6
b111010101001011000110100010 c
b1010110010011101010100011001 d
b1110101010010110001101000101010110010011101010100011001 `
b101111100101101111111100010011100111110010 j
b1010110010011101010100011001 b
b111010101001011000110100010 a
b10110111001010101000101111010100 3
b1101011001000100110010001100 2
b1100010001010100111010111001111001000001011100000010100101000111 /
b1100010001010100111010111001111001000001011100000010100101000111 &
b10110101110100101010101010001010111111010101001 O
b101111100101101111111100010011100111110010 ]
b101111100101101111111100010011100111110010 '
b10110101110100101010101010001010111111010101001 =
b10110000001000000111010101101000100011101011011 <
b10110 >
b1 ?
b0 @
b111010 A
b101101 B
b100 C
b11101 D
b11011 E
b1110 W
b1000 V
b10 S
b1010 R
b1100 P
b1100 F
b1010 H
b10 I
b1000 L
b1110 M
b11000011101000100010101010001110 N
b1011000111000101100000110100101 X
b1011000111000101100000110100101 ;
b1011000111000101100000110100101 4
#120
0!
0#
#122
1!
1#
b10110111001010101000101111010100 Y
b1010101100001101000110100101001 Z
b1100 q
b1001110101010010110001101000 h
b110101100100111010101000110 i
b110101100100111010101000110 _
b1001110101010010110001101000 ^
b1100 .
b1010101100001101000110100101001 1
b10110111001010101000101111010100 0
b101010110000110100011010010100110110111001010101000101111010100 \
b1100110110111000110101100010110111000010101000010100001010011110 [
b10110111001010101000101111010100 5
b1010101100001101000110100101001 6
b1001110101010010110001101000 c
b110101100100111010101000110 d
b10011101010100101100011010000110101100100111010101000110 `
b10011001101101101000000001001100011101000111100 j
b110101100100111010101000110 b
b1001110101010010110001101000 a
b1010101100001101000110100101001 3
b10110111001010101000101111010100 2
b1100110110111000110101100010110111000010101000010100001010011110 /
b1100110110111000110101100010110111000010101000010100001010011110 &
b101010101011110000001101010001011010100101010010 O
b10011001101101101000000001001100011101000111100 ]
b10011001101101101000000001001100011101000111100 '
b101010101011110000001101010001011010100101010010 =
b111001100110011101001101011000111001001101101110 <
b111001 >
b100110 ?
b11101 @
b1101 A
b11000 B
b111001 C
b1101 D
b101110 E
b10 W
b1 V
b110 U
b1101 T
b0 S
b1111 R
b1011 Q
b1010 P
b1010 F
b1011 G
b1111 H
b0 I
b1101 J
b110 K
b1 L
b10 M
b10101011111100001101011000010010 N
b1100111101011110100001100001100 X
b1100111101011110100001100001100 ;
b1100111101011110100001100001100 4
#124
0!
0#
#126
1!
1#
b1010101100001101000110100101001 Y
b11010000100001011100100011011000 Z
b10011101010100101100011010 h
b1001101011001001110101010001 i
b1101 q
b1101 .
b1001101011001001110101010001 _
b10011101010100101100011010 ^
b11010000100001011100100011011000 1
b1010101100001101000110100101001 0
b1101000010000101110010001101100001010101100001101000110100101001 \
b1001101000100000101110000000111111000001000000101100010101111101 [
b1010101100001101000110100101001 5
b11010000100001011100100011011000 6
b10011101010100101100011010 c
b1001101011001001110101010001 d
b100111010101001011000110101001101011001001110101010001 `
b110100100101011001011100110100000111100100101011 j
b1001101011001001110101010001 b
b10011101010100101100011010 a
b11010000100001011100100011011000 3
b1010101100001101000110100101001 2
b1001101000100000101110000000111111000001000000101100010101111101 /
b1001101000100000101110000000111111000001000000101100010101111101 &
b11010100001010000001011111001010001011011110001 O
b110100100101011001011100110100000111100100101011 ]
b110100100101011001011100110100000111100100101011 '
b11010100001010000001011111001010001011011110001 =
b101110000100001001010111001101010110111111011010 <
b101110 >
b100 ?
b1001 @
b10111 A
b1101 B
b10110 C
b111111 D
b11010 E
b0 W
b1100 V
b100 U
b1100 S
b11 R
b1000 Q
b1011 P
b1011 F
b1000 G
b11 H
b1100 I
b100 K
b1100 L
b0 M
b10111000001111001101010011000000 N
b100101100111000001001001001111 X
b100101100111000001001001001111 ;
b100101100111000001001001001111 4
#128
0!
0#
#130
1!
1#
b11010000100001011100100011011000 Y
b1110000000110101001111101100110 Z
b1110 q
b1000100111010101001011000110 h
b110011010110010011101010100 i
b110011010110010011101010100 _
b1000100111010101001011000110 ^
b1110 .
1m
b1110000000110101001111101100110 1
b11010000100001011100100011011000 0
b111000000011010100111110110011011010000100001011100100011011000 \
b10010000010101001001010001111011010110010000011100101110101110 [
b11010000100001011100100011011000 5
b1110000000110101001111101100110 6
1*
b1000100111010101001011000110 c
b110011010110010011101010100 d
b10001001110101010010110001100110011010110010011101010100 `
b100011000011011011101000011110110001001010101000 j
b110011010110010011101010100 b
b1000100111010101001011000110 a
b1110000000110101001111101100110 3
b11010000100001011100100011011000 2
b10010000010101001001010001111011010110010000011100101110101110 /
b10010000010101001001010001111011010110010000011100101110101110 &
b1110100000000011110101010011111110101100001100 O
b100011000011011011101000011110110001001010101000 ]
b100011000011011011101000011110110001001010101000 '
b1110100000000011110101010011111110101100001100 =
b101101100011011000011101001101001111100110100100 <
b101101 >
b100011 ?
b11000 @
b11101 A
b1111 C
b100110 D
b100100 E
b100 W
b1101 V
b101 U
b1110 S
b1011 R
b1 P
b1 F
b1011 H
b1110 I
b101 K
b1101 L
b100 M
b11000101111101101010111010100 N
b100111010111000011000101101111 X
b100111010111000011000101101111 ;
b100111010111000011000101101111 4
#132
0!
0#
#134
1!
1#
b1110000000110101001111101100110 Y
b11110111110110011111100110110111 Z
b100010011101010100101100011 h
b11001101011001001110101010 i
b1111 q
b1111 .
0m
1u
b11001101011001001110101010 _
b100010011101010100101100011 ^
b11110111110110011111100110110111 1
b1110000000110101001111101100110 0
b1111011111011001111110011011011101110000000110101001111101100110 \
b101110101101011010010110011110011111101110001111101011001011101 [
b1110000000110101001111101100110 5
b11110111110110011111100110110111 6
b100010011101010100101100011 c
b11001101011001001110101010 d
b1000100111010101001011000110011001101011001001110101010 `
1v
0*
1n
1m
b11000011101100000001111101011011001110001000101 j
b11001101011001001110101010 b
b100010011101010100101100011 a
b11110111110110011111100110110111 3
b1110000000110101001111101100110 2
b101110101101011010010110011110011111101110001111101011001011101 /
b101110101101011010010110011110011111101110001111101011001011101 &
b111110101111111011110011111111110011110110101111 O
b11000011101100000001111101011011001110001000101 ]
1*
1+
b11000011101100000001111101011011001110001000101 '
b111110101111111011110011111111110011110110101111 =
b100110110010011011111100010100101010000111101010 <
b100110 >
b110010 ?
b11011 @
b111100 A
b10100 B
b101010 C
b111 D
b101010 E
b1100 W
b111 V
b1000 U
b11 T
b1000 S
b1000 P
b1000 F
b1000 I
b11 J
b1000 K
b111 L
b1100 M
b10001000101110000011100001111100 N
b111110100110000000010111100100 X
b111110100110000000010111100100 ;
b111110100110000000010111100100 4
#136
0!
0#
#138
1!
1#
b11110111110110011111100110110111 Y
b1001110100000101001101010000010 Z
0o
0k
b0 q
b1010001001110101010010110001 h
b1100110101100100111010101 i
b1100110101100100111010101 _
b1010001001110101010010110001 ^
b0 .
0l
0u
0(
1r
0,
b1001110100000101001101010000010 1
b11110111110110011111100110110111 0
b100111010000010100110101000001011110111110110011111100110110111 \
b1010101011010111110000100110110010101110100010101110100010111111 [
b11110111110110011111100110110111 5
b1001110100000101001101010000010 6
1%
0)
1:
b1010001001110101010010110001 c
b1100110101100100111010101 d
b10100010011101010100101100010001100110101100100111010101 `
b101110110011101000110000110100000111011100011101 j
b1100110101100100111010101 b
b1010001001110101010010110001 a
b11100011100001010100011011000100 5
b1100011011001000001111001110111 6
0g
b1100011011001000001111001110111 3
b11100011100001010100011011000100 2
b1010101011010111110000100110110010101110100010101110100010111111 /
b1010101011010111110000100110110010101110100010101110100010111111 &
b101100000110101100001000000011111100001110101110 O
b101110110011101000110000110100000111011100011101 ]
b101110110011101000110000110100000111011100011101 '
b101100000110101100001000000011111100001110101110 =
b10110101000100111000110111111011010010110011 <
b10 >
b110101 ?
b100 @
b111000 A
b110111 B
b111011 C
b10010 D
b110011 E
b1100 V
b0 U
b1001 T
b101 S
b1001 R
b111 Q
b100 P
b100 F
b111 G
b1001 H
b101 I
b1001 J
b0 K
b1100 L
b1000111100101011001000011001100 N
b11101101000100001101000100110001 X
b11101101000100001101000100110001 ;
b11101101000100001101000100110001 4
#140
0!
0#
#142
1!
1#
b1010011101001010101111010101 e
b1101011011010110001101001 f
b1100001111110110010110110110110100110110000001011011100011001111 7
b11000011111101100101101101101101 8
b110110000001011011100011001111 9
b1101011011010110001101001 d
b1010011101001010101111010101 c
b1010011101001010101111010101 a
b1101011011010110001101001 b
b110110000001011011100011001111 6
b11000011111101100101101101101101 5
b11000011111101100101101101101101 2
b110110000001011011100011001111 3
b100110101100000000001011110111110001011001011110 O
b100110101100000000001011110111110001011001011110 =
b1000011111101000111011000011110110000101000011 <
b1000 >
b11111 ?
b101000 @
b111011 A
b11 B
b110110 C
b101 D
b11 E
b1111 W
b1011 V
b1010 U
b1011 T
b111 S
b1000 R
b101 Q
b10 P
b10 F
b101 G
b1000 H
b111 I
b1011 J
b1010 K
b1011 L
b1111 M
b100101100001111011101010111111 N
b10111011011000100101111110110001 X
b10111011011000100101111110110001 ;
b10111011011000100101111110110001 4
#144
0!
0#
#146
1!
1#
1k
1t
1(
0r
0%
#148
0!
0#
#150
1!
1#
0t
b100111010010101011110101011 h
b11010110110101100011010010 i
1p
b1 q
1s
b1 .
1l
1-
b11010110110101100011010010 _
b100111010010101011110101011 ^
b1001110100101010111101010110011010110110101100011010010 `
1)
0v
0m
1g
b100001010110111000111101011101010100111010011101 j
b100001010110111000111101011101010100111010011101 ]
b100111010010101011110101011 c
b11010110110101100011010010 d
0*
b11010110110101100011010010 b
b100111010010101011110101011 a
b100001010110111000111101011101010100111010011101 '
b111111010111000110110101010100101100011000011 <
b111 >
b111010 ?
b111000 @
b110110 A
b101010 B
b100101 C
b100011 D
b10 U
b1101 T
b1110 S
b101 R
b11 Q
b100 P
b100 F
b11 G
b101 H
b1110 I
b1101 J
b10 K
b1000011010111101101001010111111 N
b1101111011001111101110001100001 X
b1101111011001111101110001100001 ;
b1101111011001111101110001100001 4
#152
0!
0#
#154
1!
1#
b110110000001011011100011001111 Y
b10101100100100011000011100001100 Z
b10 q
0s
b1001110100101010111101010110 h
b110101101101011000110100100 i
b110101101101011000110100100 _
b1001110100101010111101010110 ^
b10 .
0n
b10101100100100011000011100001100 1
b110110000001011011100011001111 0
b1010110010010001100001110000110000110110000001011011100011001111 \
b11011010000110111001110100101110011000110010000000001001011110 [
0+
0:
b1001110100101010111101010110 c
b110101101101011000110100100 d
b10011101001010101111010101100110101101101011000110100100 `
b11111001100010111001110101000101011111000000100 j
b110101101101011000110100100 b
b1001110100101010111101010110 a
b110110000001011011100011001111 5
b10101100100100011000011100001100 6
b11011010000110111001110100101110011000110010000000001001011110 /
b11011010000110111001110100101110011000110010000000001001011110 &
b10101100100100011000011100001100 3
b110110000001011011100011001111 2
b11111001100010111001110101000101011111000000100 ]
b11111001100010111001110101000101011111000000100 '
b10101011001010010100011110000001110100001011001 O
b10101011001010010100011110000001110100001011001 =
b1010010101000101101101011000100101011001011101 <
b1010 >
b10101 ?
b101 @
b101101 A
b11000 B
b11001 D
b11101 E
b1001 W
b10 V
b1101 S
b0 R
b1 Q
b1111 P
b1111 F
b1 G
b0 H
b1101 I
b10 L
b1001 M
b11110001000011011101001000101001 N
b10101001101001001101111001000010 X
b10101001101001001101111001000010 ;
b10101001101001001101111001000010 4
#156
0!
0#
#158
1!
1#
b10101100100100011000011100001100 Y
b10011111101000010110011010001101 Z
b111010010101011110101011010 h
b1010110110101100011010010001 i
b11 q
b11 .
b1010110110101100011010010001 _
b111010010101011110101011010 ^
b10011111101000010110011010001101 1
b10101100100100011000011100001100 0
b1001111110100001011001101000110110101100100100011000011100001100 \
b111100101001100110011111100001101100000100101000000010011111001 [
b10101100100100011000011100001100 5
b10011111101000010110011010001101 6
b111010010101011110101011010 c
b1010110110101100011010010001 d
b1110100101010111101010110101010110110101100011010010001 `
b11100101100000100101111111110000010011110110110 j
b1010110110101100011010010001 b
b111010010101011110101011010 a
b10011111101000010110011010001101 3
b10101100100100011000011100001100 2
b111100101001100110011111100001101100000100101000000010011111001 /
b111100101001100110011111100001101100000100101000000010011111001 &
b110011111111110100000010101100001101010001011011 O
b11100101100000100101111111110000010011110110110 ]
b11100101100000100101111111110000010011110110110 '
b110011111111110100000010101100001101010001011011 =
b101111010011110000101101010010001111001111101101 <
b101111 >
b10011 ?
b110000 @
b10010 B
b1111 C
b1111 D
b101101 E
b1000 W
b1010 V
b101 U
b101 T
b1011 R
b0 Q
b111 P
b111 F
b0 G
b1011 H
b101 J
b101 K
b1010 L
b1000 M
b1110000101111010101010110101000 N
b10101100000001001011011101001111 X
b10101100000001001011011101001111 ;
b10101100000001001011011101001111 4
#160
0!
0#
#162
1!
1#
b10011111101000010110011010001101 Y
b100101010011000001000011 Z
b100 q
b1101001010101111010101101001 h
b1011011010110001101001000110 i
b1011011010110001101001000110 _
b1101001010101111010101101001 ^
b100 .
b100101010011000001000011 1
b10011111101000010110011010001101 0
b10010101001100000100001110011111101000010110011010001101 \
b1011001110001001100110101000001010010100001011000000100110110010 [
b10011111101000010110011010001101 5
b100101010011000001000011 6
b1101001010101111010101101001 c
b1011011010110001101001000110 d
b11010010101011110101011010011011011010110001101001000110 `
b101010011000100100110111001111010100101010001011 j
b1011011010110001101001000110 b
b1101001010101111010101101001 a
b100101010011000001000011 3
b10011111101000010110011010001101 2
b1011001110001001100110101000001010010100001011000000100110110010 /
b1011001110001001100110101000001010010100001011000000100110110010 &
b100000000001010010101010100110100000001000000110 O
b101010011000100100110111001111010100101010001011 ]
b101010011000100100110111001111010100101010001011 '
b100000000001010010101010100110100000001000000110 =
b1010011001110110011101101001110100100010001101 <
b1010 >
b11001 ?
b110110 @
b11101 A
b101001 B
b110100 C
b100010 D
b1101 E
b111 W
b100 V
b100 U
b1 T
b1110 S
b1100 R
b110 Q
b1111 P
b1111 F
b110 G
b1100 H
b1110 I
b1 J
b100 K
b100 L
b111 M
b11110110110011100001010001000111 N
b1100000110100111001101101111010 X
b1100000110100111001101101111010 ;
b1100000110100111001101101111010 4
#164
0!
0#
#166
1!
1#
b100101010011000001000011 Y
b11111111011100101111110111110111 Z
b100101010111101010110100111 h
b1101101011000110100100011010 i
b101 q
b101 .
b1101101011000110100100011010 _
b100101010111101010110100111 ^
b11111111011100101111110111110111 1
b100101010011000001000011 0
b1111111101110010111111011111011100000000100101010011000001000011 \
b110011101010011011001010100010001111101010111010101011101100101 [
b100101010011000001000011 5
b11111111011100101111110111110111 6
b100101010111101010110100111 c
b1101101011000110100100011010 d
b1001010101111010101101001111101101011000110100100011010 `
b101001010010101010111111010101100111000001010011 j
b1101101011000110100100011010 b
b100101010111101010110100111 a
b11111111011100101111110111110111 3
b100101010011000001000011 2
b110011101010011011001010100010001111101010111010101011101100101 /
b110011101010011011001010100010001111101010111010101011101100101 &
b111111111110101110100101011111111011111110101111 O
b101001010010101010111111010101100111000001010011 ]
b101001010010101010111111010101100111000001010011 '
b111111111110101110100101011111111011111110101111 =
b10110101100000100011010001010011100111111111100 <
b10110 >
b101100 ?
b100 @
b11010 A
b1010 B
b11100 C
b111111 D
b111100 E
b101 W
b1100 V
b101 U
b1010 T
b1100 S
b1001 R
b1101 Q
b1100 P
b1100 F
b1101 G
b1001 H
b1100 I
b1010 J
b101 K
b1100 L
b101 M
b11001101100111001010010111000101 N
b101100110001111100111111001 X
b101100110001111100111111001 ;
b101100110001111100111111001 4
#168
0!
0#
#170
1!
1#
b11111111011100101111110111110111 Y
b101000011011100100110111010 Z
b110 q
b10101011110101011010011101 h
b110101100011010010001101011 i
b110101100011010010001101011 _
b10101011110101011010011101 ^
b110 .
b101000011011100100110111010 1
b11111111011100101111110111110111 0
b10100001101110010011011101011111111011100101111110111110111 \
b1101111010100011110110101001110110101011101010111010111010001111 [
b11111111011100101111110111110111 5
b101000011011100100110111010 6
b10101011110101011010011101 c
b110101100011010010001101011 d
b101010111101010110100111010110101100011010010001101011 `
b101101110011011010110000101001111010000101101100 j
b110101100011010010001101011 b
b10101011110101011010011101 a
b101000011011100100110111010 3
b11111111011100101111110111110111 2
b1101111010100011110110101001110110101011101010111010111010001111 /
b1101111010100011110110101001110110101011101010111010111010001111 &
b1010100001011011111001010011110111110100 O
b101101110011011010110000101001111010000101101100 ]
b101101110011011010110000101001111010000101101100 '
b1010100001011011111001010011110111110100 =
b101101111001111011101011010000101001110010011000 <
b101101 >
b111001 ?
b111011 @
b101011 A
b10000 B
b101001 C
b110010 D
b11000 E
b1111 V
b1001 U
b1000 T
b1 S
b101 R
b0 Q
b1 P
b1 F
b0 G
b101 H
b1 I
b1000 J
b1001 K
b1111 L
b10000010100011000100111110101 N
b10010111000100010010110000100011 X
b10010111000100010010110000100011 ;
b10010111000100010010110000100011 4
#172
0!
0#
#174
1!
1#
b101000011011100100110111010 Y
b1101000011000111101000111010100 Z
b1010101111010101101001110100 h
b1010110001101001000110101101 i
b111 q
b111 .
1m
b1010110001101001000110101101 _
b1010101111010101101001110100 ^
b1101000011000111101000111010100 1
b101000011011100100110111010 0
b110100001100011110100011101010000000101000011011100100110111010 \
b1011110000010010101000010110101000000111010100100101110100001111 [
b101000011011100100110111010 5
b1101000011000111101000111010100 6
b1010101111010101101001110100 c
b1010110001101001000110101101 d
b10101011110101011010011101001010110001101001000110101101 `
1*
b110111100001111011110000101000001011111111000010 j
b1010110001101001000110101101 b
b1010101111010101101001110100 a
b1101000011000111101000111010100 3
b101000011011100100110111010 2
b1011110000010010101000010110101000000111010100100101110100001111 /
b1011110000010010101000010110101000000111010100100101110100001111 &
b1101010000001100000111111010100011111010101000 O
b110111100001111011110000101000001011111111000010 ]
b110111100001111011110000101000001011111111000010 '
b1101010000001100000111111010100011111010101000 =
b111010110001110111110111010010101000000101101010 <
b111010 >
b110001 ?
b110111 @
b110111 A
b10010 B
b101000 C
b101 D
b101010 E
b1100 W
b1011 V
b10 U
b101 T
b1011 S
b11 R
b1011 Q
b1010 P
b1010 F
b1011 G
b11 H
b1011 I
b101 J
b10 K
b1011 L
b1100 M
b10101011001110110101001010111100 N
b11101110111011000100011001100101 X
b11101110111011000100011001100101 ;
b11101110111011000100011001100101 4
#176
0!
0#
#178
1!
1#
b1101000011000111101000111010100 Y
b11101011111000011000111111011111 Z
b1000 q
b1010111101010110100111010010 h
b1011000110100100011010110110 i
b1011000110100100011010110110 _
b1010111101010110100111010010 ^
b1000 .
1n
0m
b11101011111000011000111111011111 1
b1101000011000111101000111010100 0
b1110101111100001100011111101111101101000011000111101000111010100 \
b111110101100101000001111100010100001011111100001111101101011111 [
b1101000011000111101000111010100 5
b11101011111000011000111111011111 6
0*
1+
b1010111101010110100111010010 c
b1011000110100100011010110110 d
b10101111010101101001110100101011000110100100011010110110 `
b110111101111001001011100011111001000011000110111 j
b1011000110100100011010110110 b
b1010111101010110100111010010 a
b11101011111000011000111111011111 3
b1101000011000111101000111010100 2
b111110101100101000001111100010100001011111100001111101101011111 /
b111110101100101000001111100010100001011111100001111101101011111 &
b111101010111111100000011110001011111111011111111 O
b110111101111001001011100011111001000011000110111 ]
b110111101111001001011100011111001000011000110111 '
b111101010111111100000011110001011111111011111111 =
b1010111000110101011111101110010111100011001000 <
b1010 >
b111000 ?
b110101 @
b11111 A
b101110 B
b10111 C
b100011 D
b1000 E
b110 W
b1110 U
b1000 T
b1001 S
b1110 R
b1001 Q
b1111 P
b1111 F
b1001 G
b1110 H
b1001 I
b1000 J
b1110 K
b110 M
b11111001111010011000111010110110 N
b10010011101010111100011101101111 X
b10010011101010111100011101101111 ;
b10010011101010111100011101101111 4
#180
0!
0#
#182
1!
1#
b11101011111000011000111111011111 Y
b11111011110010000001011010111011 Z
b101111010101101001110100101 h
b110001101001000110101101101 i
b1001 q
b1001 .
0n
b110001101001000110101101101 _
b101111010101101001110100101 ^
b11111011110010000001011010111011 1
b11101011111000011000111111011111 0
b1111101111001000000101101011101111101011111000011000111111011111 \
b1110101111001111000011101101101101000111111000011111001011111011 [
b11101011111000011000111111011111 5
b11111011110010000001011010111011 6
b101111010101101001110100101 c
b110001101001000110101101101 d
b1011110101011010011101001010110001101001000110101101101 `
0+
b101001010110110110110111101000101101000101101100 j
b110001101001000110101101101 b
b101111010101101001110100101 a
b11111011110010000001011010111011 3
b11101011111000011000111111011111 2
b1110101111001111000011101101101101000111111000011111001011111011 /
b1110101111001111000011101101101101000111111000011111001011111011 &
b111111110111111001010000000010101101010111110111 O
b101001010110110110110111101000101101000101101100 ]
b101001010110110110110111101000101101000101101100 '
b111111110111111001010000000010101101010111110111 =
b10110100001001111100111101010000000010010011011 <
b10110 >
b100001 ?
b1111 @
b100111 A
b101010 B
b0 C
b10010 D
b11011 E
b1110 W
b1100 V
b1100 U
b1101 T
b110 S
b1010 R
b1101 Q
b1100 P
b1100 F
b1101 G
b1010 H
b110 I
b1101 J
b1100 K
b1100 L
b1110 M
b11001101101001101101110011001110 N
b111001110111101101000100111101 X
b111001110111101101000100111101 ;
b111001110111101101000100111101 4
#184
0!
0#
#186
1!
1#
b11111011110010000001011010111011 Y
b11010010001111110101111011100010 Z
b1010 q
b111101010110100111010010101 h
b1000110100100011010110110101 i
b1000110100100011010110110101 _
b111101010110100111010010101 ^
b1010 .
b11010010001111110101111011100010 1
b11111011110010000001011010111011 0
b1101001000111111010111101110001011111011110010000001011010111011 \
b1001001011011111000111001011011011011110100100111110010111100011 [
b11111011110010000001011010111011 5
b11010010001111110101111011100010 6
b111101010110100111010010101 c
b1000110100100011010110110101 d
b1111010101101001110100101011000110100100011010110110101 `
b111101110010011110010001010000001011111110100110 j
b1000110100100011010110110101 b
b111101010110100111010010101 a
b11010010001111110101111011100010 3
b11111011110010000001011010111011 2
b1001001011011111000111001011011011011110100100111110010111100011 /
b1001001011011111000111001011011011011110100100111110010111100011 &
b11010100100000111111110101011111101011100000101 O
b111101110010011110010001010000001011111110100110 ]
b111101110010011110010001010000001011111110100110 '
b11010100100000111111110101011111101011100000101 =
b100111010110011001101111111011110110100010100011 <
b100111 >
b10110 ?
b11001 @
b101111 A
b111011 B
b110110 C
b100010 D
b100011 E
b1 W
b100 V
b1010 U
b100 T
b1000 S
b1100 R
b10 P
b10 F
b1100 H
b1000 I
b100 J
b1010 K
b100 L
b1 M
b101101110010000100101001000001 N
b10000001111010100101101010000 X
b10000001111010100101101010000 ;
b10000001111010100101101010000 4
#188
0!
0#
#190
1!
1#
b11010010001111110101111011100010 Y
b11101011111101010101110111101011 Z
b1110101011010011101001010101 h
b11010010001101011011010110 i
b1011 q
b1011 .
b11010010001101011011010110 _
b1110101011010011101001010101 ^
b11101011111101010101110111101011 1
b11010010001111110101111011100010 0
b1110101111110101010111011110101111010010001111110101111011100010 \
b111010111101011001111000110110110111100011100111101111111010011 [
b11010010001111110101111011100010 5
b11101011111101010101110111101011 6
b1110101011010011101001010101 c
b11010010001101011011010110 d
b11101010110100111010010101010011010010001101011011010110 `
b10111111001011010110001111111000000110010111001 j
b11010010001101011011010110 b
b1110101011010011101001010101 a
b11101011111101010101110111101011 3
b11010010001111110101111011100010 2
b111010111101011001111000110110110111100011100111101111111010011 /
b111010111101011001111000110110110111100011100111101111111010011 &
b111101010111111110101010101011111011111101010111 O
b10111111001011010110001111111000000110010111001 ]
b10111111001011010110001111111000000110010111001 '
b111101010111111110101010101011111011111101010111 =
b101010101110100100011011010100111011001111101110 <
b101010 >
b101110 ?
b100100 @
b11011 A
b10100 B
b111011 C
b1111 D
b101110 E
b10 W
b1010 V
b0 U
b11 T
b1010 S
b100 R
b1 Q
b110 P
b110 F
b1 G
b100 H
b1010 I
b11 J
b0 K
b1010 L
b10 M
b1100001010010100011000010100010 N
b100000010000111100011011000001 X
b100000010000111100011011000001 ;
b100000010000111100011011000001 4
#192
0!
0#
#194
1!
1#
b11101011111101010101110111101011 Y
b11110010011111001001100000100011 Z
b1100 q
b1010101101001110100101010111 h
b1101001000110101101101011000 i
b1101001000110101101101011000 _
b1010101101001110100101010111 ^
b1100 .
b11110010011111001001100000100011 1
b11101011111101010101110111101011 0
b1111001001111100100110000010001111101011111101010101110111101011 \
b1010101111000011001110001001111001111100111100111111101011100110 [
b11101011111101010101110111101011 5
b11110010011111001001100000100011 6
b1010101101001110100101010111 c
b1101001000110101101101011000 d
b10101011010011101001010101111101001000110101101101011000 `
b110111111001000011011110010010110101101001011011 j
b1101001000110101101101011000 b
b1010101101001110100101010111 a
b11110010011111001001100000100011 3
b11101011111101010101110111101011 2
b1010101111000011001110001001111001111100111100111111101011100110 /
b1010101111000011001110001001111001111100111100111111101011100110 &
b111110100100001111111001010011110000000100000111 O
b110111111001000011011110010010110101101001011011 ]
b110111111001000011011110010010110101101001011011 '
b111110100100001111111001010011110000000100000111 =
b1001011101001100100111000001000101101101011100 <
b1001 >
b11101 ?
b1100 @
b100111 A
b1 B
b101 C
b101101 D
b11100 E
b1100 W
b100 U
b1110 T
b110 S
b1111 R
b1011 Q
b1110 P
b1110 F
b1011 G
b1111 H
b110 I
b1110 J
b100 K
b1100 M
b11101011111101101110010010101100 N
b1001101110011011101011110101101 X
b1001101110011011101011110101101 ;
b1001101110011011101011110101101 4
#196
0!
0#
#198
1!
1#
b11110010011111001001100000100011 Y
b10100110001110001000101001000110 Z
b1010110100111010010101011110 h
b100100011010110110101100011 i
b1101 q
b1101 .
b100100011010110110101100011 _
b1010110100111010010101011110 ^
b10100110001110001000101001000110 1
b11110010011111001001100000100011 0
b1010011000111000100010100100011011110010011111001001100000100011 \
b1011000111011000010011110010111000111100101010000111001100 [
b11110010011111001001100000100011 5
b10100110001110001000101001000110 6
b1010110100111010010101011110 c
b100100011010110110101100011 d
b10101101001110100101010111100100100011010110110101100011 `
b1111101100001011001110000101111111000100111000 j
b100100011010110110101100011 b
b1010110100111010010101011110 a
b10100110001110001000101001000110 3
b11110010011111001001100000100011 2
b1011000111011000010011110010111000111100101010000111001100 /
b1011000111011000010011110010111000111100101010000111001100 &
b10100001100000111110001010001010100001000001101 O
b1111101100001011001110000101111111000100111000 ]
b1111101100001011001110000101111111000100111000 '
b10100001100000111110001010001010100001000001101 =
b11011100000001100111111010100101011001100110101 <
b11011 >
b100000 ?
b111111 A
b10100 B
b101011 C
b1100 D
b110101 E
b1001 W
b1000 V
b101 U
b11 T
b1110 S
b0 Q
b101 P
b101 F
b0 G
b1110 I
b11 J
b101 K
b1000 L
b1001 M
b1010000111111100011010110001001 N
b101100010000011011100111001111 X
b101100010000011011100111001111 ;
b101100010000011011100111001111 4
#200
0!
0#
#202
1!
1#
b10100110001110001000101001000110 Y
b11011110001111010010000111101100 Z
b1110 q
b1011010011101001010101111010 h
b10001101011011010110001101 i
b10001101011011010110001101 _
b1011010011101001010101111010 ^
b1110 .
1m
b11011110001111010010000111101100 1
b10100110001110001000101001000110 0
b1101111000111101001000011110110010100110001110001000101001000110 \
b1010011001010110100110111100101110000101101010100001111001001 [
b10100110001110001000101001000110 5
b11011110001111010010000111101100 6
1*
b1011010011101001010101111010 c
b10001101011011010110001101 d
b10110100111010010101011110100010001101011011010110001101 `
b1110100101100100101110101000010001110101100100 j
b10001101011011010110001101 b
b1011010011101001010101111010 a
b11011110001111010010000111101100 3
b10100110001110001000101001000110 2
b1010011001010110100110111100101110000101101010100001111001001 /
b1010011001010110100110111100101110000101101010100001111001001 &
b11011111100000111111010100100000011111101011001 O
b1110100101100100101110101000010001110101100100 ]
b1110100101100100101110101000010001110101100100 '
b11011111100000111111010100100000011111101011001 =
b10101011001100011010100001100010010001000111101 <
b10101 >
b11001 ?
b100011 @
b10100 A
b1100 B
b10010 C
b1000 D
b111101 E
b110 W
b1111 V
b1101 U
b1011 T
b1000 S
b1010 R
b110 Q
b1100 P
b1100 F
b110 G
b1010 H
b1000 I
b1011 J
b1101 K
b1111 L
b110 M
b11000110101010001011110111110110 N
b1110011100100101010010111111101 X
b1110011100100101010010111111101 ;
b1110011100100101010010111111101 4
#204
0!
0#
#206
1!
1#
b11011110001111010010000111101100 Y
b11010101101010100010111110111011 Z
b1101001110100101010111101010 h
b1000110101101101011000110100 i
b1111 q
b1111 .
0m
1u
b1000110101101101011000110100 _
b1101001110100101010111101010 ^
b11010101101010100010111110111011 1
b11011110001111010010000111101100 0
b1101010110101010001011111011101111011110001111010010000111101100 \
b110110110010101111001101011011111100001001111111100001011010011 [
b11011110001111010010000111101100 5
b11010101101010100010111110111011 6
b1101001110100101010111101010 c
b1000110101101101011000110100 d
b11010011101001010101111010101000110101101101011000110100 `
1v
0*
1n
1m
b101010000010100101111101110010001010101010110110 j
b1000110101101101011000110100 b
b1101001110100101010111101010 a
b11010101101010100010111110111011 3
b11011110001111010010000111101100 2
b110110110010101111001101011011111100001001111111100001011010011 /
b110110110010101111001101011011111100001001111111100001011010011 &
b111010101011110101010100000101011111110111110111 O
b101010000010100101111101110010001010101010110110 ]
1*
1+
b101010000010100101111101110010001010101010110110 '
b111010101011110101010100000101011111110111110111 =
b10000101001010000101001110111010101011101000001 <
b10000 >
b101001 ?
b10000 @
b101001 A
b110111 B
b10101 C
b11101 D
b1 E
b1 W
b1000 V
b1001 T
b1010 S
b1 R
b11 Q
b11 P
b11 F
b11 G
b1 H
b1010 I
b1001 J
b1000 L
b1 M
b110011000110101001110110000001 N
b1110101010000000110101001001011 X
b1110101010000000110101001001011 ;
b1110101010000000110101001001011 4
#208
0!
0#
#210
1!
1#
b11010101101010100010111110111011 Y
b10101011011111010100101110100111 Z
0k
b0 q
b1010011101001010101111010101 h
b1101011011010110001101001 i
b1101011011010110001101001 _
b1010011101001010101111010101 ^
b0 .
0l
0u
0(
b10101011011111010100101110100111 1
b11010101101010100010111110111011 0
b1010101101111101010010111010011111010101101010100010111110111011 \
b1101111101101111100110010111111010010010011110111001010011100011 [
b11010101101010100010111110111011 5
b10101011011111010100101110100111 6
0)
b1010011101001010101111010101 c
b1101011011010110001101001 d
b10100111010010101011110101010001101011011010110001101001 `
b10110111111010011010110100100011110000101101001 j
b1101011011010110001101001 b
b1010011101001010101111010101 a
0g
b10101011011111010100101110100111 3
b11010101101010100010111110111011 2
b1101111101101111100110010111111010010010011110111001010011100011 /
b1101111101101111100110010111111010010010011110111001010011100011 &
b110101010110101111111010101001010111110100001111 O
b10110111111010011010110100100011110000101101001 ]
b10110111111010011010110100100011110000101101001 '
b110101010110101111111010101001010111110100001111 =
b100011101001111100101100001101001001110001100110 <
b100011 >
b111100 @
b101100 A
b1101 B
b1001 C
b110001 D
b100110 E
b1001 V
b111 U
b1101 T
b111 S
b1110 R
b1100 P
b1100 F
b1110 H
b111 I
b1101 J
b111 K
b1001 L
b11000011111001111101011110010001 N
b11100011111001011111100100001101 X
b11100011111001011111100100001101 ;
b11100011111001011111100100001101 4
#212
0!
0#
#214
1!
1#
b10101011011111010100101110100111 Y
b110110010011111101011010110110 Z
0p
0-
1r
b110110010011111101011010110110 1
b10101011011111010100101110100111 0
b11011001001111110101101011011010101011011111010100101110100111 \
b1011101011011111011101111011100001100101111000110011110010000111 [
b10101011011111010100101110100111 5
b110110010011111101011010110110 6
1%
1:
b11000011111101100101101101101101 5
b110110000001011011100011001111 6
b110110000001011011100011001111 3
b11000011111101100101101101101101 2
b1011101011011111011101111011100001100101111000110011110010000111 /
b1011101011011111011101111011100001100101111000110011110010000111 &
b100110101100000000001011110111110001011001011110 O
b100110101100000000001011110111110001011001011110 =
b110000010011010011011101010011101111011100110111 <
b110000 >
b10011 ?
b10011 @
b11101 A
b10011 B
b101111 C
b11100 D
b110111 E
b0 W
b110 V
b1010 U
b0 T
b1110 S
b1000 R
b0 Q
b1111 P
b1111 F
b0 G
b1000 H
b1110 I
b0 J
b1010 K
b110 L
b0 M
b11110000100011100000101001100000 N
b10000111100001001011101000010 X
b10000111100001001011101000010 ;
b10000111100001001011101000010 4
#216
0!
0#
#218
1!
1#
b111011001111011100100001100 e
b1100101010010100101101110000 f
b1111001000101101000101101010110011000110110011101110100000001111 7
b11110010001011010001011010101100 8
b11000110110011101110100000001111 9
b1100101010010100101101110000 d
b111011001111011100100001100 c
b111011001111011100100001100 a
b1100101010010100101101110000 b
b11000110110011101110100000001111 6
b11110010001011010001011010101100 5
b11110010001011010001011010101100 2
b11000110110011101110100000001111 3
b111000001101011001011101011101010000000001011111 O
b111000001101011001011101011101010000000001011111 =
b101110110010001010001011111001001110000100110110 <
b101110 >
b110010 ?
b1010 @
b1011 A
b111001 B
b1110 C
b100 D
b110110 E
b1101 W
b10 V
b1000 U
b1010 T
b1111 S
b11 R
b1000 Q
b1011 P
b1011 F
b1000 G
b11 H
b1111 I
b1010 J
b1000 K
b10 L
b1101 M
b10111000001111111010100000101101 N
b10011101110010000001111011100110 X
b10011101110010000001111011100110 ;
b10011101110010000001111011100110 4
#220
0!
0#
#222
1!
1#
1k
1(
0r
0%
#224
0!
0#
#226
1!
1#
b1110110011110111001000011000 h
b1001010100101001011011100001 i
b1 q
1s
b1 .
1l
b1001010100101001011011100001 _
b1110110011110111001000011000 ^
b11101100111101110010000110001001010100101001011011100001 `
1)
0v
0:
b10101011011111010100101110100111 5
b110110010011111101011010110110 6
0m
1g
b101111101101011000100001100010001000111110101111 j
b101111101101011000100001100010001000111110101111 ]
b1110110011110111001000011000 c
b1001010100101001011011100001 d
0*
b110110010011111101011010110110 3
b10101011011111010100101110100111 2
b110101100001001011111111010101101010110101100 O
b1001010100101001011011100001 b
b1110110011110111001000011000 a
b101111101101011000100001100010001000111110101111 '
b10111100000000001111100111111011000111111110000 <
b110101100001001011111111010101101010110101100 =
b101001000001010001111110011000100101101000000011 <
b101001 >
b1 ?
b10001 @
b111110 A
b11000 B
b100101 C
b101000 D
b11 E
b1111 W
b1100 V
b10 U
b1101 T
b100 S
b10 R
b11 Q
b100 P
b100 F
b11 G
b10 H
b100 I
b1101 J
b10 K
b1100 L
b1111 M
b1000011001001001101001011001111 N
b1101001001101101101100000100101 X
b1101001001101101101100000100101 ;
b1101001001101101101100000100101 4
#228
0!
0#
#230
1!
1#
b10 q
b1101100111101110010000110001 h
b10101001010010110111000011 i
b10101001010010110111000011 _
b1101100111101110010000110001 ^
b10 .
0n
0+
b1101100111101110010000110001 c
b10101001010010110111000011 d
b11011001111011100100001100010010101001010010110111000011 `
b101111011001100101000011001001010111010100101000 j
b10101001010010110111000011 b
b1101100111101110010000110001 a
b101111011001100101000011001001010111010100101000 ]
b101111011001100101000011001001010111010100101000 '
b101001110101101100011100110011111010000010000100 <
b110101 ?
b101100 @
b11100 A
b110011 B
b111010 C
b10 D
b100 E
b1000 W
b1011 V
b1101 U
b1111 T
b11 R
b111 Q
b111 G
b11 H
b1111 J
b1101 K
b1011 L
b1000 M
b1000111001101001111110110111000 N
b1111111000001001111010010011101 X
b1111111000001001111010010011101 ;
b1111111000001001111010010011101 4
#232
0!
0#
#234
1!
1#
b110011110111001000011000111 h
b1010100101001011011100001100 i
b11 q
b11 .
b1010100101001011011100001100 _
b110011110111001000011000111 ^
b110011110111001000011000111 c
b1010100101001011011100001100 d
b1100111101110010000110001111010100101001011011100001100 `
b1000110110001011111011101010000011100001100110 j
b1010100101001011011100001100 b
b110011110111001000011000111 a
b1000110110001011111011101010000011100001100110 ]
b1000110110001011111011101010000011100001100110 '
b1110011010000010100100010000101110110111001010 <
b1110 >
b11010 ?
b10 @
b100100 A
b10000 B
b101110 C
b110111 D
b1010 E
b1111 W
b1111 V
b11 U
b1000 T
b1001 S
b0 R
b0 Q
b1000 P
b1000 F
b0 G
b0 H
b1001 I
b1000 J
b11 K
b1111 L
b1111 M
b10000000000010011000001111111111 N
b10001011101100100010110001100001 X
b10001011101100100010110001100001 ;
b10001011101100100010110001100001 4
#236
0!
0#
#238
1!
1#
b100 q
b1001111011100100001100011101 h
b1010010100101101110000110010 i
b1010010100101101110000110010 _
b1001111011100100001100011101 ^
b100 .
b1001111011100100001100011101 c
b1010010100101101110000110010 d
b10011110111001000011000111011010010100101101110000110010 `
b101111010101010110010100111001001100101010110110 j
b1010010100101101110000110010 b
b1001111011100100001100011101 a
b101111010101010110010100111001001100101010110110 ]
b101111010101010110010100111001001100101010110110 '
b101001111001011111001011000011100001111100011010 <
b101001 >
b111001 ?
b11111 @
b1011 A
b11 B
b100001 C
b111100 D
b11010 E
b0 W
b1001 V
b100 U
b1011 T
b1111 S
b1 R
b100 P
b100 F
b1 H
b1111 I
b1011 J
b100 K
b1001 L
b0 M
b1000000000111111011010010010000 N
b10100111010000001001000011001001 X
b10100111010000001001000011001001 ;
b10100111010000001001000011001001 4
#240
0!
0#
#242
1!
1#
b111101110010000110001110110 h
b1001010010110111000011001010 i
b101 q
b101 .
b1001010010110111000011001010 _
b111101110010000110001110110 ^
b111101110010000110001110110 c
b1001010010110111000011001010 d
b1111011100100001100011101101001010010110111000011001010 `
b10101100000101111011001000101010000111011011011 j
b1001010010110111000011001010 b
b111101110010000110001110110 a
b10101100000101111011001000101010000111011011011 ]
b10101100000101111011001000101010000111011011011 '
b10011001100100110000110111111111101101101110111 <
b10011 >
b1100 ?
b100110 @
b110 A
b111111 B
b111101 C
b101101 D
b110111 E
b1010 V
b1000 U
b11 T
b11 S
b1001 R
b11 Q
b110 P
b110 F
b11 G
b1001 H
b11 I
b11 J
b1000 K
b1010 L
b1100011100100110011100010100000 N
b11110100010000001100011110000001 X
b11110100010000001100011110000001 ;
b11110100010000001100011110000001 4
#244
0!
0#
#246
1!
1#
b110 q
b1110111001000011000111011001 h
b101001011011100001100101010 i
b101001011011100001100101010 _
b1110111001000011000111011001 ^
b110 .
b1110111001000011000111011001 c
b101001011011100001100101010 d
b11101110010000110001110110010101001011011100001100101010 `
b111111111000000110101100111111001000001010001 j
b101001011011100001100101010 b
b1110111001000011000111011001 a
b111111111000000110101100111111001000001010001 ]
b111111111000000110101100111111001000001010001 '
b1010011001001101010011101010100010111111101 <
b1 >
b10011 ?
b1001 @
b101010 A
b11101 B
b10100 C
b10111 D
b111101 E
b110 W
b1100 V
b11 U
b1000 T
b1011 S
b11 R
b0 Q
b0 P
b0 F
b0 G
b11 H
b1011 I
b1000 J
b11 K
b1100 L
b110 M
b1110111000001111000110 N
b10000101011100100010000001100101 X
b10000101011100100010000001100101 ;
b10000101011100100010000001100101 4
#248
0!
0#
#250
1!
1#
b1011100100001100011101100111 h
b100101101110000110010101001 i
b111 q
b111 .
1m
b100101101110000110010101001 _
b1011100100001100011101100111 ^
b1011100100001100011101100111 c
b100101101110000110010101001 d
b10111001000011000111011001110100101101110000110010101001 `
1*
b100011110000110111001110000000111110011101100100 j
b100101101110000110010101001 b
b1011100100001100011101100111 a
b100011110000110111001110000000111110011101100100 ]
b100011110000110111001110000000111110011101100100 '
b100101011100111110010001111010010011001011001000 <
b100101 >
b11100 ?
b111110 @
b10001 A
b111010 B
b10011 C
b1011 D
b1000 E
b1001 V
b1 U
b11 T
b100 S
b111 R
b101 Q
b1000 P
b1000 F
b101 G
b111 H
b100 I
b11 J
b1 K
b1001 L
b10000101011101000011000110010110 N
b100110100000110111000010110101 X
b100110100000110111000010110101 ;
b100110100000110111000010110101 4
#252
0!
0#
#254
1!
1#
b1000 q
b1110010000110001110110011110 h
b10110111000011001010100101 i
b10110111000011001010100101 _
b1110010000110001110110011110 ^
b1000 .
1n
0m
0*
1+
b1110010000110001110110011110 c
b10110111000011001010100101 d
b11100100001100011101100111100010110111000011001010100101 `
b11110100110001010101101001110001010110110000100 j
b10110111000011001010100101 b
b1110010000110001110110011110 a
b11110100110001010101101001110001010110110000100 ]
b11110100110001010101101001110001010110110000100 '
b11000001010000011110010110100100111100000101000 <
b11000 >
b1010 ?
b11 @
b110010 A
b110100 B
b100111 C
b100000 D
b101000 E
b1001 W
b1 V
b1100 U
b1100 T
b1 S
b1011 Q
b101 P
b101 F
b1011 G
b1 I
b1100 J
b1100 K
b1 L
b1001 M
b1011011011100011100110000011001 N
b11011111000011011100100000001110 X
b11011111000011011100100000001110 ;
b11011111000011011100100000001110 4
#256
0!
0#
#258
1!
1#
b1100100001100011101100111101 h
b101101110000110010101001010 i
b1001 q
b1001 .
0n
b101101110000110010101001010 _
b1100100001100011101100111101 ^
b1100100001100011101100111101 c
b101101110000110010101001010 d
b11001000011000111011001111010101101110000110010101001010 `
0+
b11111011001110010100101000101100011000001111101 j
b101101110000110010101001010 b
b1100100001100011101100111101 a
b11111011001110010100101000101100011000001111101 ]
b11111011001110010100101000101100011000001111101 '
b11001110101111011111010111111001110010111010001 <
b11001 >
b110101 ?
b111011 @
b111010 A
b111111 B
b1110 C
b10111 D
b10001 E
b1100 W
b1100 V
b1000 U
b11 T
b10 S
b101 R
b111 Q
b1001 P
b1001 F
b111 G
b101 H
b10 I
b11 J
b1000 K
b1100 L
b1100 M
b10010111010100100011100011001100 N
b1111100110100010100000010110011 X
b1111100110100010100000010110011 ;
b1111100110100010100000010110011 4
#260
0!
0#
#262
1!
1#
b1010 q
b10000110001110110011110111 h
b110111000011001010100101001 i
b110111000011001010100101001 _
b10000110001110110011110111 ^
b1010 .
b10000110001110110011110111 c
b110111000011001010100101001 d
b100001100011101100111101110110111000011001010100101001 `
b110100111010100011001010101000111011100111100000 j
b110111000011001010100101001 b
b10000110001110110011110111 a
b110100111010100011001010101000111011100111100000 ]
b110100111010100011001010101000111011100111100000 '
b110010010110101010010101010010010110110001001100 <
b110010 >
b10110 ?
b101010 @
b10101 A
b10010 B
b10110 C
b110001 D
b1100 E
b1011 W
b1001 V
b100 U
b101 T
b1111 R
b1101 Q
b1100 P
b1100 F
b1101 G
b1111 H
b101 J
b100 K
b1001 L
b1011 M
b11001101111100100101010010011011 N
b101110110011111100100100011101 X
b101110110011111100100100011101 ;
b101110110011111100100100011101 4
#264
0!
0#
#266
1!
1#
b1000011000111011001111011100 h
b1011100001100101010010100101 i
b1011 q
b1011 .
b1011100001100101010010100101 _
b1000011000111011001111011100 ^
b1000011000111011001111011100 c
b1011100001100101010010100101 d
b10000110001110110011110111001011100001100101010010100101 `
b1110001110011010110110001000001010111100110011 j
b1011100001100101010010100101 b
b1000011000111011001111011100 a
b1110001110011010110110001000001010111100110011 ]
b1110001110011010110110001000001010111100110011 '
b1000100010010011101001110010100111101010011111 <
b1000 >
b100010 ?
b10011 @
b101001 A
b110010 B
b100111 C
b101010 D
b11111 E
b10 W
b11 V
b1100 U
b1001 T
b1010 S
b1000 R
b1110 Q
b10 P
b10 F
b1110 G
b1000 H
b1010 I
b1001 J
b1100 K
b11 L
b10 M
b101110100010101001110000110010 N
b1110011010010100000011101011000 X
b1110011010010100000011101011000 ;
b1110011010010100000011101011000 4
#268
0!
0#
#270
1!
1#
b1100 q
b1100011101100111101110010 h
b1110000110010101001010010110 i
b1110000110010101001010010110 _
b1100011101100111101110010 ^
b1100 .
b1100011101100111101110010 c
b1110000110010101001010010110 d
b11000111011001111011100101110000110010101001010010110 `
b111101000001110100001110011111110000110000010110 j
b1110000110010101001010010110 b
b1100011101100111101110010 a
b111101000001110100001110011111110000110000010110 ]
b111101000001110100001110011111110000110000010110 '
b111011101101111101010001100101011101100110111010 <
b111011 >
b101101 ?
b111101 @
b10001 A
b100101 B
b11101 C
b100110 D
b111010 E
b11 W
b1101 V
b11 U
b1100 T
b100 S
b10 R
b100 Q
b0 P
b0 F
b100 G
b10 H
b100 I
b1100 J
b11 K
b1101 L
b11 M
b100001001001100001111010011 N
b11001101100011100000010101 X
b11001101100011100000010101 ;
b11001101100011100000010101 4
#272
0!
0#
#274
1!
1#
b110001110110011110111001000 h
b1000011001010100101001011011 i
b1101 q
b1101 .
b1000011001010100101001011011 _
b110001110110011110111001000 ^
b110001110110011110111001000 c
b1000011001010100101001011011 d
b1100011101100111101110010001000011001010100101001011011 `
b11000101010001001110101010011010100000111011010 j
b1000011001010100101001011011 b
b110001110110011110111001000 a
b11000101010001001110101010011010100000111011010 ]
b11000101010001001110101010011010100000111011010 '
b11110000110000000101010101001111001010001110110 <
b11110 >
b110 ?
b0 @
b101010 A
b101001 B
b111001 C
b10001 D
b110110 E
b1101 W
b1110 V
b110 U
b1 T
b1011 S
b1010 R
b1110 Q
b111 P
b111 F
b1110 G
b1010 H
b1011 I
b1 J
b110 K
b1110 L
b1101 M
b1111110101010110001011011101101 N
b11101000011110001000111101111111 X
b11101000011110001000111101111111 ;
b11101000011110001000111101111111 4
#276
0!
0#
#278
1!
1#
b1110 q
b1000111011001111011100100001 h
b1100101010010100101101110 i
b1100101010010100101101110 _
b1000111011001111011100100001 ^
b1110 .
1m
1*
b1000111011001111011100100001 c
b1100101010010100101101110 d
b10001110110011110111001000010001100101010010100101101110 `
b100011011101110000110110000001011111000001001101 j
b1100101010010100101101110 b
b1000111011001111011100100001 a
b100011011101110000110110000001011111000001001101 ]
b100011011101110000110110000001011111000001001101 '
b100101110001111001101001111011110010010111100001 <
b100101 >
b110001 ?
b111001 @
b101001 A
b111011 B
b110010 C
b10111 D
b100001 E
b10 W
b1100 V
b0 U
b100 T
b1010 S
b1011 R
b1011 Q
b1000 P
b1000 F
b1011 G
b1011 H
b1010 I
b100 J
b0 K
b1100 L
b10 M
b10001011101110100100000011000010 N
b1000100110111100100000101000101 X
b1000100110111100100000101000101 ;
b1000100110111100100000101000101 4
#280
0!
0#
#282
1!
1#
b11101100111101110010000110 h
b110010101001010010110111000 i
b1111 q
b1111 .
0m
1u
b110010101001010010110111000 _
b11101100111101110010000110 ^
b11101100111101110010000110 c
b110010101001010010110111000 d
b111011001111011100100001100110010101001010010110111000 `
1v
0*
1n
1m
b111001100010001111111010111000101001010011100100 j
b110010101001010010110111000 b
b11101100111101110010000110 a
b111001100010001111111010111000101001010011100100 ]
1*
1+
b111001100010001111111010111000101001010011100100 '
b111111001110000110100101000010000100000101001000 <
b111111 >
b1110 ?
b110 @
b100101 A
b10 B
b100 C
b101 D
b1000 E
b110 W
b1011 V
b1010 U
b1100 T
b0 S
b1110 R
b100 Q
b1101 P
b1101 F
b100 G
b1110 H
b0 I
b1100 J
b1010 K
b1011 L
b110 M
b11010100111000001100101010110110 N
b10011101001111000010100110111 X
b10011101001111000010100110111 ;
b10011101001111000010100110111 4
#284
0!
0#
#286
1!
1#
1o
b0 q
b111011001111011100100001100 h
b1100101010010100101101110000 i
b1100101010010100101101110000 _
b111011001111011100100001100 ^
b0 .
0l
0u
1,
0)
1:
b111011001111011100100001100 c
b1100101010010100101101110000 d
b1110110011110111001000011001100101010010100101101110000 `
b11000101101001110110111010110111111000000011010 j
b1100101010010100101101110000 b
b111011001111011100100001100 a
b11110010001011010001011010101100 5
b11000110110011101110100000001111 6
b11000110110011101110100000001111 3
b11110010001011010001011010101100 2
b11000101101001110110111010110111111000000011010 ]
b11000101101001110110111010110111111000000011010 '
b111000001101011001011101011101010000000001011111 O
b111000001101011001011101011101010000000001011111 =
b100000100000010111101010001011101111000001000101 <
b100000 >
b100000 ?
b10111 @
b101010 A
b1011 B
b101111 C
b1 D
b101 E
b1101 W
b1101 V
b111 T
b1011 S
b0 Q
b100 P
b100 F
b0 G
b1011 I
b111 J
b1101 L
b1101 M
b1000000111010110111101011011101 N
b10111010011101011000100111100101 X
b10111010011101011000100111100101 ;
b10111010011101011000100111100101 4
#288
0!
0#
#290
1!
1#
b11000110110011101110100000001111 Y
b1001000010110001001111101001001 Z
b11101100111101110010000110 h
b110010101001010010110111000 i
b1 q
0s
b1 .
1l
b110010101001010010110111000 _
b11101100111101110010000110 ^
b1001000010110001001111101001001 1
b11000110110011101110100000001111 0
b100100001011000100111110100100111000110110011101110100000001111 \
b11110100110101001100111111100010100000010001111100110101100 [
b11101100111101110010000110 c
b110010101001010010110111000 d
b111011001111011100100001100110010101001010010110111000 `
1)
0v
0:
b11000110110011101110100000001111 5
b1001000010110001001111101001001 6
0m
b111001100010001111111010111000101001010011100100 j
b110010101001010010110111000 b
b11101100111101110010000110 a
b11110100110101001100111111100010100000010001111100110101100 /
b11110100110101001100111111100010100000010001111100110101100 &
b111001100010001111111010111000101001010011100100 ]
0*
b1001000010110001001111101001001 3
b11000110110011101110100000001111 2
b101001010000001011110001010011111110101001010010 O
b111001100010001111111010111000101001010011100100 '
b1101111010110100111100101111001010010111011 <
b101001010000001011110001010011111110101001010010 =
b10000110010000100001011101011010111111010110110 <
b10000 >
b110010 ?
b100 @
b1011 A
b101011 B
b10111 C
b111010 D
b110110 E
b101 V
b1110 U
b1110 T
b1111 S
b1001 R
b1000 Q
b11 P
b11 F
b1000 G
b1001 H
b1111 I
b1110 J
b1110 K
b101 L
b111000100111111110111001011101 N
b10011111011111000001101111101010 X
b10011111011111000001101111101010 ;
b10011111011111000001101111101010 4
#292
0!
0#
#294
1!
1#
b1001000010110001001111101001001 Y
b1011001101100101111001111100101 Z
b10 q
b1000111011001111011100100001 h
b1100101010010100101101110 i
b1100101010010100101101110 _
b1000111011001111011100100001 ^
b10 .
0n
b1011001101100101111001111100101 1
b1001000010110001001111101001001 0
b101100110110010111100111110010101001000010110001001111101001001 \
b100111100011100000010011110101001111100000101011110011100011101 [
b1001000010110001001111101001001 5
b1011001101100101111001111100101 6
0+
b1000111011001111011100100001 c
b1100101010010100101101110 d
b10001110110011110111001000010001100101010010100101101110 `
b100011011101110000110110000001011111000001001101 j
b1100101010010100101101110 b
b1000111011001111011100100001 a
b1011001101100101111001111100101 3
b1001000010110001001111101001001 2
b100111100011100000010011110101001111100000101011110011100011101 /
b100111100011100000010011110101001111100000101011110011100011101 &
b101011110011110110100101011110100111111100001010 O
b100011011101110000110110000001011111000001001101 ]
b100011011101110000110110000001011111000001001101 '
b101011110011110110100101011110100111111100001010 =
b1000101110000110010011011111111000111101000111 <
b1000 >
b101110 ?
b110 @
b10011 A
b11111 B
b111000 C
b111101 D
b111 E
b1000 W
b11 V
b1 U
b110 T
b111 S
b1110 R
b1 Q
b10 P
b10 F
b1 G
b1110 H
b111 I
b110 J
b1 K
b11 L
b1000 M
b100001111001110110000100111000 N
b10001010010001010111011110000100 X
b10001010010001010111011110000100 ;
b10001010010001010111011110000100 4
#296
0!
0#
#298
1!
1#
b1011001101100101111001111100101 Y
b11000010000111011110100011001101 Z
b110001110110011110111001000 h
b1000011001010100101001011011 i
b11 q
b11 .
b1000011001010100101001011011 _
b110001110110011110111001000 ^
b11000010000111011110100011001101 1
b1011001101100101111001111100101 0
b1100001000011101111010001100110101011001101100101111001111100101 \
b1001101101101000000100111001010110111000001011101100111101101111 [
b1011001101100101111001111100101 5
b11000010000111011110100011001101 6
b110001110110011110111001000 c
b1000011001010100101001011011 d
b1100011101100111101110010001000011001010100101001011011 `
b11000101010001001110101010011010100000111011010 j
b1000011001010100101001011011 b
b110001110110011110111001000 a
b11000010000111011110100011001101 3
b1011001101100101111001111100101 2
b1001101101101000000100111001010110111000001011101100111101101111 /
b1001101101101000000100111001010110111000001011101100111101101111 &
b111000000100000011111011111101010001011001011011 O
b11000101010001001110101010011010100000111011010 ]
b11000101010001001110101010011010100000111011010 '
b111000000100000011111011111101010001011001011011 =
b100000101110001010001110101110000101011110000001 <
b100000 >
b1010 @
b1110 A
b101110 B
b101 C
b11110 D
b1 E
b1 W
b1 V
b100 U
b1000 T
b1010 S
b11 R
b100 P
b100 F
b11 H
b1010 I
b1000 J
b100 K
b1 L
b1 M
b1000001001110101000010000010001 N
b111010000001100100001001100 X
b111010000001100100001001100 ;
b111010000001100100001001100 4
#300
0!
0#
#302
1!
1#
b11000010000111011110100011001101 Y
b1011110111100100011101110101001 Z
b100 q
b1100011101100111101110010 h
b1110000110010101001010010110 i
b1110000110010101001010010110 _
b1100011101100111101110010 ^
b100 .
b1011110111100100011101110101001 1
b11000010000111011110100011001101 0
b101111011110010001110111010100111000010000111011110100011001101 \
b10011111010100011000100110111101110100000111011101101010011011 [
b11000010000111011110100011001101 5
b1011110111100100011101110101001 6
b1100011101100111101110010 c
b1110000110010101001010010110 d
b11000111011001111011100101110000110010101001010010110 `
b111101000001110100001110011111110000110000010110 j
b1110000110010101001010010110 b
b1100011101100111101110010 a
b1011110111100100011101110101001 3
b11000010000111011110100011001101 2
b10011111010100011000100110111101110100000111011101101010011011 /
b10011111010100011000100110111101110100000111011101101010011011 &
b101011111101011110100100000111110111110101010010 O
b111101000001110100001110011111110000110000010110 ]
b111101000001110100001110011111110000110000010110 '
b101011111101011110100100000111110111110101010010 =
b10110111100101010101010011000000111000101000100 <
b10110 >
b111100 ?
b101010 @
b101010 A
b11000 B
b111 C
b101 D
b100 E
b1000 W
b1011 V
b10 U
b1101 T
b1011 S
b1111 R
b10 Q
b1100 P
b1100 F
b10 G
b1111 H
b1011 I
b1101 J
b10 K
b1011 L
b1000 M
b11000010111110111101001010111000 N
b11101111111001011000010101000101 X
b11101111111001011000010101000101 ;
b11101111111001011000010101000101 4
#304
0!
0#
#306
1!
1#
b1011110111100100011101110101001 Y
b101101111110000110110110001000 Z
b1000011000111011001111011100 h
b1011100001100101010010100101 i
b101 q
b101 .
b1011100001100101010010100101 _
b1000011000111011001111011100 ^
b101101111110000110110110001000 1
b1011110111100100011101110101001 0
b10110111111000011011011000100001011110111100100011101110101001 \
b100111010101000110001001101111110111000011111101011010000110011 [
b1011110111100100011101110101001 5
b101101111110000110110110001000 6
b1000011000111011001111011100 c
b1011100001100101010010100101 d
b10000110001110110011110111001011100001100101010010100101 `
b1110001110011010110110001000001010111100110011 j
b1011100001100101010010100101 b
b1000011000111011001111011100 a
b101101111110000110110110001000 3
b1011110111100100011101110101001 2
b100111010101000110001001101111110111000011111101011010000110011 /
b100111010101000110001001101111110111000011111101011010000110011 &
b101011011111111110000001101011011110001010000 O
b1110001110011010110110001000001010111100110011 ]
b1110001110011010110110001000001010111100110011 '
b101011011111111110000001101011011110001010000 =
b1011010101100101000110000101010001001101100011 <
b1011 >
b10101 ?
b100101 @
b110 A
b101 B
b10001 C
b1101 D
b100011 E
b1 W
b1 V
b110 U
b10 T
b11 S
b1101 R
b1 Q
b10 P
b10 F
b1 G
b1101 H
b11 I
b10 J
b110 K
b1 L
b1 M
b100001110100110010011000010001 N
b10000110011000010100101110001000 X
b10000110011000010100101110001000 ;
b10000110011000010100101110001000 4
#308
0!
0#
#310
1!
1#
b101101111110000110110110001000 Y
b11011000100100110111000000100001 Z
b110 q
b10000110001110110011110111 h
b110111000011001010100101001 i
b110111000011001010100101001 _
b10000110001110110011110111 ^
b110 .
b11011000100100110111000000100001 1
b101101111110000110110110001000 0
b1101100010010011011100000010000100101101111110000110110110001000 \
b1001100100010000100010001110101001110100101011010110110001110010 [
b101101111110000110110110001000 5
b11011000100100110111000000100001 6
b10000110001110110011110111 c
b110111000011001010100101001 d
b100001100011101100111101110110111000011001010100101001 `
b110100111010100011001010101000111011100111100000 j
b110111000011001010100101001 b
b10000110001110110011110111 a
b11011000100100110111000000100001 3
b101101111110000110110110001000 2
b1001100100010000100010001110101001110100101011010110110001110010 /
b1001100100010000100010001110101001110100101011010110110001110010 &
b111011110001010010100110101110100000000100000011 O
b110100111010100011001010101000111011100111100000 ]
b110100111010100011001010101000111011100111100000 '
b111011110001010010100110101110100000000100000011 =
b1111001011110001101100000110011011100011100011 <
b1111 >
b1011 ?
b110001 @
b101100 A
b110 B
b11011 C
b100011 D
b1011 V
b1011 U
b1 T
b111 S
b100 R
b10 Q
b1 P
b1 F
b10 G
b100 H
b111 I
b1 J
b1011 K
b1011 L
b10010010001110001101110110001 N
b11110010011000010011110000000011 X
b11110010011000010011110000000011 ;
b11110010011000010011110000000011 4
#312
0!
0#
#314
1!
1#
b11011000100100110111000000100001 Y
b11011111100110010101000110001011 Z
b1100100001100011101100111101 h
b101101110000110010101001010 i
b111 q
b111 .
1m
b101101110000110010101001010 _
b1100100001100011101100111101 ^
b11011111100110010101000110001011 1
b11011000100100110111000000100001 0
b1101111110011001010100011000101111011000100100110111000000100001 \
b111011101100001010000001101000111111100000010101100110011110001 [
b11011000100100110111000000100001 5
b11011111100110010101000110001011 6
b1100100001100011101100111101 c
b101101110000110010101001010 d
b11001000011000111011001111010101101110000110010101001010 `
1*
b11111011001110010100101000101100011000001111101 j
b101101110000110010101001010 b
b1100100001100011101100111101 a
b11011111100110010101000110001011 3
b11011000100100110111000000100001 2
b111011101100001010000001101000111111100000010101100110011110001 /
b111011101100001010000001101000111111100000010101100110011110001 &
b111011111111110011110010101010100011110001010111 O
b11111011001110010100101000101100011000001111101 ]
b11111011001110010100101000101100011000001111101 '
b111011111111110011110010101010100011110001010111 =
b100100100110000001010111101111000000110000101010 <
b100100 >
b100110 ?
b1 @
b10111 A
b101111 B
b0 C
b110000 D
b101010 E
b1100 W
b1010 V
b1100 U
b1101 T
b1100 S
b1101 R
b1011 Q
b1110 P
b1110 F
b1011 G
b1101 H
b1100 I
b1101 J
b1100 K
b1010 L
b1100 M
b11101011110111001101110010101100 N
b1111101100011011101011101101001 X
b1111101100011011101011101101001 ;
b1111101100011011101011101101001 4
#316
0!
0#
#318
1!
1#
b11011111100110010101000110001011 Y
b10100101000111101010011101001000 Z
b1000 q
b1110010000110001110110011110 h
b10110111000011001010100101 i
b10110111000011001010100101 _
b1110010000110001110110011110 ^
b1000 .
1n
0m
b10100101000111101010011101001000 1
b11011111100110010101000110001011 0
b1010010100011110101001110100100011011111100110010101000110001011 \
b1110111010010110110101001011001110111000010001001000100111100110 [
b11011111100110010101000110001011 5
b10100101000111101010011101001000 6
0*
1+
b1110010000110001110110011110 c
b10110111000011001010100101 d
b11100100001100011101100111100010110111000011001010100101 `
b11110100110001010101101001110001010110110000100 j
b10110111000011001010100101 b
b1110010000110001110110011110 a
b10100101000111101010011101001000 3
b11011111100110010101000110001011 2
b1110111010010110110101001011001110111000010001001000100111100110 /
b1110111010010110110101001011001110111000010001001000100111100110 &
b10100001010100011111101010100001110101001010001 O
b11110100110001010101101001110001010110110000100 ]
b11110100110001010101101001110001010110110000100 '
b10100001010100011111101010100001110101001010001 =
b1010101100101001010000011010000100011111010101 <
b1010 >
b101100 ?
b101001 @
b10000 A
b11010 B
b100 C
b11111 D
b10101 E
b110 W
b110 V
b1010 U
b0 T
b1 S
b110 R
b1101 Q
b1111 P
b1111 F
b1101 G
b110 H
b1 I
b0 J
b1010 K
b110 L
b110 M
b11111101011000010000101001100110 N
b10010000101110111100011000110110 X
b10010000101110111100011000110110 ;
b10010000101110111100011000110110 4
#320
0!
0#
#322
1!
1#
b10100101000111101010011101001000 Y
b1001111001000101001011110111101 Z
b1011100100001100011101100111 h
b100101101110000110010101001 i
b1001 q
b1001 .
0n
b100101101110000110010101001 _
b1011100100001100011101100111 ^
b1001111001000101001011110111101 1
b10100101000111101010011101001000 0
b100111100100010100101111011110110100101000111101010011101001000 \
b1100110101111100111011010110001100100101100110010100001010001101 [
b10100101000111101010011101001000 5
b1001111001000101001011110111101 6
b1011100100001100011101100111 c
b100101101110000110010101001 d
b10111001000011000111011001110100101101110000110010101001 `
0+
b100011110000110111001110000000111110011101100100 j
b100101101110000110010101001 b
b1011100100001100011101100111 a
b1001111001000101001011110111101 3
b10100101000111101010011101001000 2
b1100110101111100111011010110001100100101100110010100001010001101 /
b1100110101111100111011010110001100100101100110010100001010001101 &
b101001011110100100000101010010101111110111111010 O
b100011110000110111001110000000111110011101100100 ]
b100011110000110111001110000000111110011101100100 '
b101001011110100100000101010010101111110111111010 =
b1010101110010011001011010010010001101010011110 <
b101110 ?
b10011 @
b1011 A
b10010 B
b10001 C
b101010 D
b11110 E
b111 W
b11 V
b110 U
b101 T
b1111 S
b1000 R
b1 Q
b1 G
b1000 H
b1111 I
b101 J
b110 K
b11 L
b111 M
b11110001100011110101011000110111 N
b10100010111001101101111101101010 X
b10100010111001101101111101101010 ;
b10100010111001101101111101101010 4
#324
0!
0#
#326
1!
1#
b1001111001000101001011110111101 Y
b111111110000111100000100010 Z
b1010 q
b1110111001000011000111011001 h
b101001011011100001100101010 i
b101001011011100001100101010 _
b1110111001000011000111011001 ^
b1010 .
b111111110000111100000100010 1
b1001111001000101001011110111101 0
b11111111000011110000010001001001111001000101001011110111101 \
b1100101011101001110010101001011000011110001101111001010000011010 [
b1001111001000101001011110111101 5
b111111110000111100000100010 6
b1110111001000011000111011001 c
b101001011011100001100101010 d
b11101110010000110001110110010101001011011100001100101010 `
b111111111000000110101100111111001000001010001 j
b101001011011100001100101010 b
b1110111001000011000111011001 a
b111111110000111100000100010 3
b1001111001000101001011110111101 2
b1100101011101001110010101001011000011110001101111001010000011010 /
b1100101011101001110010101001011000011110001101111001010000011010 &
b1111111111110000001111110000000100000100 O
b111111111000000110101100111111001000001010001 ]
b111111111000000110101100111111001000001010001 '
b1111111111110000001111110000000100000100 =
b111110000111111000101101000001001000101010101 <
b111 >
b110000 ?
b111111 @
b101 A
b101000 B
b1001 C
b101 D
b10101 E
b110 W
b1011 V
b111 U
b1010 T
b1011 S
b1100 R
b101 Q
b100 P
b100 F
b101 G
b1100 H
b1011 I
b1010 J
b111 K
b1011 L
b110 M
b1000101110010111010011110110110 N
b10000011011000111110010111111001 X
b10000011011000111110010111111001 ;
b10000011011000111110010111111001 4
#328
0!
0#
#330
1!
1#
b111111110000111100000100010 Y
b11001100010000010111001001000100 Z
b111101110010000110001110110 h
b1001010010110111000011001010 i
b1011 q
b1011 .
b1001010010110111000011001010 _
b111101110010000110001110110 ^
b11001100010000010111001001000100 1
b111111110000111100000100010 0
b1100110001000001011100100100010000000111111110000111100000100010 \
b1001000010000110110000010110100000101100001011100111110101100000 [
b111111110000111100000100010 5
b11001100010000010111001001000100 6
b111101110010000110001110110 c
b1001010010110111000011001010 d
b1111011100100001100011101101001010010110111000011001010 `
b10101100000101111011001000101010000111011011011 j
b1001010010110111000011001010 b
b111101110010000110001110110 a
b11001100010000010111001001000100 3
b111111110000111100000100010 2
b1001000010000110110000010110100000101100001011100111110101100000 /
b1001000010000110110000010110100000101100001011100111110101100000 &
b11001011000001000000010101110100100001000001001 O
b10101100000101111011001000101010000111011011011 ]
b10101100000101111011001000101010000111011011011 '
b11001011000001000000010101110100100001000001001 =
b1100111000100111011011101011110100110011010010 <
b1100 >
b111000 ?
b100111 @
b11011 A
b101011 B
b110100 C
b110011 D
b10010 E
b1001 W
b101 V
b100 U
b1110 T
b1010 S
b0 R
b1001 Q
b1011 P
b1011 F
b1001 G
b0 H
b1010 I
b1110 J
b100 K
b101 L
b1001 M
b10111001000010101110010001011001 N
b1011110111000100101011001010 X
b1011110111000100101011001010 ;
b1011110111000100101011001010 4
#332
0!
0#
#334
1!
1#
b11001100010000010111001001000100 Y
b1100001001000011001011101000 Z
b1100 q
b1001111011100100001100011101 h
b1010010100101101110000110010 i
b1010010100101101110000110010 _
b1001111011100100001100011101 ^
b1100 .
b1100001001000011001011101000 1
b11001100010000010111001001000100 0
b110000100100001100101110100011001100010000010111001001000100 \
b10000000001100110100101100000100001100000111011010101110000001 [
b11001100010000010111001001000100 5
b1100001001000011001011101000 6
b1001111011100100001100011101 c
b1010010100101101110000110010 d
b10011110111001000011000111011010010100101101110000110010 `
b101111010101010110010100111001001100101010110110 j
b1010010100101101110000110010 b
b1001111011100100001100011101 a
b1100001001000011001011101000 3
b11001100010000010111001001000100 2
b10000000001100110100101100000100001100000111011010101110000001 /
b10000000001100110100101100000100001100000111011010101110000001 &
b1011000000100001000000110100101011101010000 O
b101111010101010110010100111001001100101010110110 ]
b101111010101010110010100111001001100101010110110 '
b1011000000100001000000110100101011101010000 =
b101110001101010010011100111111101001110111100110 <
b101110 >
b1101 ?
b10010 @
b11100 A
b111111 B
b101001 C
b110111 D
b100110 E
b1 W
b1111 V
b1001 U
b11 T
b100 S
b1101 R
b1000 Q
b1000 G
b1101 H
b100 I
b11 J
b1001 K
b1111 L
b1 M
b10111000110101000011100111110001 N
b110110100110010011111110000011 X
b110110100110010011111110000011 ;
b110110100110010011111110000011 4
#336
0!
0#
#338
1!
1#
b1100001001000011001011101000 Y
b11111010110110000100110111000111 Z
b110011110111001000011000111 h
b1010100101001011011100001100 i
b1101 q
b1101 .
b1010100101001011011100001100 _
b110011110111001000011000111 ^
b11111010110110000100110111000111 1
b1100001001000011001011101000 0
b1111101011011000010011011100011100001100001001000011001011101000 \
b10101001001101001011101011001011000011010100101011101010011 [
b1100001001000011001011101000 5
b11111010110110000100110111000111 6
b110011110111001000011000111 c
b1010100101001011011100001100 d
b1100111101110010000110001111010100101001011011100001100 `
b1000110110001011111011101010000011100001100110 j
b1010100101001011011100001100 b
b110011110111001000011000111 a
b11111010110110000100110111000111 3
b1100001001000011001011101000 2
b10101001001101001011101011001011000011010100101011101010011 /
b10101001001101001011101011001011000011010100101011101010011 &
b111111110101011011110000001001011011111000001111 O
b1000110110001011111011101010000011100001100110 ]
b1000110110001011111011101010000011100001100110 '
b111111110101011011110000001001011011111000001111 =
b110111000011010000001011100011011000011001101001 <
b110111 >
b11 ?
b10000 @
b1011 A
b100011 B
b11000 C
b11001 D
b101001 E
b100 W
b10 V
b1110 U
b1000 T
b1111 S
b1 R
b1101 Q
b1110 P
b1110 F
b1101 G
b1 H
b1111 I
b1000 J
b1110 K
b10 L
b100 M
b11101101000111111000111000100100 N
b10010101111010001101011001111000 X
b10010101111010001101011001111000 ;
b10010101111010001101011001111000 4
#340
0!
0#
#342
1!
1#
b11111010110110000100110111000111 Y
b10011001110011001110010010010000 Z
b1110 q
b1101100111101110010000110001 h
b10101001010010110111000011 i
b10101001010010110111000011 _
b1101100111101110010000110001 ^
b1110 .
1m
b10011001110011001110010010010000 1
b11111010110110000100110111000111 0
b1001100111001100111001001001000011111010110110000100110111000111 \
b100101010000010000111101111100011100001100001001011111011110111 [
b11111010110110000100110111000111 5
b10011001110011001110010010010000 6
1*
b1101100111101110010000110001 c
b10101001010010110111000011 d
b11011001111011100100001100010010101001010010110111000011 `
b101111011001100101000011001001010111010100101000 j
b10101001010010110111000011 b
b1101100111101110010000110001 a
b10011001110011001110010010010000 3
b11111010110110000100110111000111 2
b100101010000010000111101111100011100001100001001011111011110111 /
b100101010000010000111101111100011100001100001001011111011110111 &
b10011110011111001011001011100001001010010100001 O
b101111011001100101000011001001010111010100101000 ]
b101111011001100101000011001001010111010100101000 '
b10011110011111001011001011100001001010010100001 =
b111100101010011100011010010101011110000110001001 <
b111100 >
b101010 ?
b11100 @
b11010 A
b10101 B
b11110 C
b110 D
b1001 E
b1010 W
b1110 V
b1011 U
b1111 T
b1100 S
b10 R
b100 Q
b101 P
b101 F
b100 G
b10 H
b1100 I
b1111 J
b1011 K
b1110 L
b1010 M
b1010100001011001111101111101010 N
b111001001101101011010011010111 X
b111001001101101011010011010111 ;
b111001001101101011010011010111 4
#344
0!
0#
#346
1!
1#
b10011001110011001110010010010000 Y
b11000011111011101111100100010000 Z
b1110110011110111001000011000 h
b1001010100101001011011100001 i
b1111 q
b1111 .
0m
1u
b1001010100101001011011100001 _
b1110110011110111001000011000 ^
b11000011111011101111100100010000 1
b10011001110011001110010010010000 0
b1100001111101110111110010001000010011001110011001110010010010000 \
b1100010001010000001110001011010010000111000111000111110011111110 [
b10011001110011001110010010010000 5
b11000011111011101111100100010000 6
b1110110011110111001000011000 c
b1001010100101001011011100001 d
b11101100111101110010000110001001010100101001011011100001 `
1v
0*
1n
1m
b101111101101011000100001100010001000111110101111 j
b1001010100101001011011100001 b
b1110110011110111001000011000 a
b11000011111011101111100100010000 3
b10011001110011001110010010010000 2
b1100010001010000001110001011010010000111000111000111110011111110 /
b1100010001010000001110001011010010000111000111000111110011111110 &
b11000000111111101011101011111110010100010100001 O
b101111101101011000100001100010001000111110101111 ]
1*
1+
b101111101101011000100001100010001000111110101111 '
b11000000111111101011101011111110010100010100001 =
b110111101010100101111100111101111010011100001110 <
b110111 >
b100101 @
b111100 A
b111101 B
b111010 C
b11100 D
b1110 E
b1 W
b110 V
b1101 U
b101 T
b1000 S
b1101 R
b1110 P
b1110 F
b1101 H
b1000 I
b101 J
b1101 K
b110 L
b1 M
b11100100110110000101110101100001 N
b110100100101011010111101011000 X
b110100100101011010111101011000 ;
b110100100101011010111101011000 4
#348
0!
0#
#350
1!
1#
b11000011111011101111100100010000 Y
b10101101010110010100101111001000 Z
0o
0k
b0 q
b111011001111011100100001100 h
b1100101010010100101101110000 i
b1100101010010100101101110000 _
b111011001111011100100001100 ^
b0 .
0l
0u
0(
1r
0,
b10101101010110010100101111001000 1
b11000011111011101111100100010000 0
b1010110101011001010010111100100011000011111011101111100100010000 \
b1101110010100100011000000111110100011010011010001011110111101001 [
b11000011111011101111100100010000 5
b10101101010110010100101111001000 6
1%
0)
1:
b111011001111011100100001100 c
b1100101010010100101101110000 d
b1110110011110111001000011001100101010010100101101110000 `
b11000101101001110110111010110111111000000011010 j
b1100101010010100101101110000 b
b111011001111011100100001100 a
b11110010001011010001011010101100 5
b11000110110011101110100000001111 6
0g
b11000110110011101110100000001111 3
b11110010001011010001011010101100 2
b1101110010100100011000000111110100011010011010001011110111101001 /
b1101110010100100011000000111110100011010011010001011110111101001 &
b111000001101011001011101011101010000000001011111 O
b11000101101001110110111010110111111000000011010 ]
b11000101101001110110111010110111111000000011010 '
b111000001101011001011101011101010000000001011111 =
b100000100000010111101010001011101111000001000101 <
b100000 >
b100000 ?
b10111 @
b101010 A
b1011 B
b101111 C
b1 D
b101 E
b1101 W
b1101 V
b1010 U
b111 T
b1011 S
b1110 R
b0 Q
b100 P
b100 F
b0 G
b1110 H
b1011 I
b111 J
b1010 K
b1101 L
b1101 M
b1000000111010110111101011011101 N
b10111010011101011000100111100101 X
b10111010011101011000100111100101 ;
b10111010011101011000100111100101 4
#352
0!
0#
#354
1!
1#
b111001101100001011111111101 e
b110100100001000101101011100 f
b111110010000100010011110000010000111010101000000111100000010010 7
b1111100100001000100111100000100 8
b111010101000000111100000010010 9
b110100100001000101101011100 d
b111001101100001011111111101 c
b111001101100001011111111101 a
b110100100001000101101011100 b
b111010101000000111100000010010 6
b1111100100001000100111100000100 5
b1111100100001000100111100000100 2
b111010101000000111100000010010 3
b111110101010100000000001111110000000010100100 O
b111110101010100000000001111110000000010100100 =
b11111011000011010110111011001001111000010111110 <
b11111 >
b11000 ?
b11010 @
b110111 A
b11001 B
b1111 C
b10 D
b111110 E
b1000 W
b1011 V
b101 U
b11 T
b100 R
b1100 Q
b1000 P
b1000 F
b1100 G
b100 H
b11 J
b101 K
b1011 L
b1000 M
b10001100010010110011010110111000 N
b10101010110010010010010011011001 X
b10101010110010010010010011011001 ;
b10101010110010010010010011011001 4
#356
0!
0#
#358
1!
1#
1k
1t
1(
0r
0%
#360
0!
0#
#362
1!
1#
0t
b1110011011000010111111111010 h
b1101001000010001011010111000 i
1p
b1 q
1s
b1 .
1l
1-
b1101001000010001011010111000 _
b1110011011000010111111111010 ^
b11100110110000101111111110101101001000010001011010111000 `
1)
0v
0m
1g
b10110101111110000011101010010111000110001100011 j
b10110101111110000011101010010111000110001100011 ]
b1110011011000010111111111010 c
b1101001000010001011010111000 d
0*
b1101001000010001011010111000 b
b1110011011000010111111111010 a
b10110101111110000011101010010111000110001100011 '
b10001011010100100011101011101001000110011000111 <
b10001 >
b11010 ?
b100100 @
b11101 A
b11101 B
b1000 C
b110011 D
b111 E
b101 V
b1001 U
b1000 T
b1110 S
b0 Q
b1010 P
b1010 F
b0 G
b1110 I
b1000 J
b1001 K
b101 L
b10100000010011101000100101011000 N
b11011110100010011001001000000 X
b11011110100010011001001000000 ;
b11011110100010011001001000000 4
#364
0!
0#
#366
1!
1#
b111010101000000111100000010010 Y
b1100111010101010111110101000100 Z
b10 q
0s
b1100110110000101111111110101 h
b1010010000100010110101110001 i
b1010010000100010110101110001 _
b1100110110000101111111110101 ^
b10 .
0n
b1100111010101010111110101000100 1
b111010101000000111100000010010 0
b110011101010101011111010100010000111010101000000111100000010010 \
b101010011000010010101011000110010011110111011000101110100100000 [
0+
0:
b1100110110000101111111110101 c
b1010010000100010110101110001 d
b11001101100001011111111101011010010000100010110101110001 `
b110111010110110011100101011000001101001110101010 j
b1010010000100010110101110001 b
b1100110110000101111111110101 a
b111010101000000111100000010010 5
b1100111010101010111110101000100 6
b101010011000010010101011000110010011110111011000101110100100000 /
b101010011000010010101011000110010011110111011000101110100100000 &
b1100111010101010111110101000100 3
b111010101000000111100000010010 2
b110111010110110011100101011000001101001110101010 ]
b110111010110110011100101011000001101001110101010 '
b1100001110101010101010101111111010101000001000 O
b1100001110101010101010101111111010101000001000 =
b111011011000011001001111110111110111100110100010 <
b111011 >
b11000 ?
b11001 @
b1111 A
b110111 B
b110111 C
b100110 D
b100010 E
b1011 W
b1101 V
b111 U
b1001 T
b11 S
b1100 R
b1100 Q
b0 P
b0 F
b1100 G
b1100 H
b11 I
b1001 J
b111 K
b1101 L
b1011 M
b1100110000111001011111011011 N
b10101011011110110010100100011001 X
b10101011011110110010100100011001 ;
b10101011011110110010100100011001 4
#368
0!
0#
#370
1!
1#
b1100111010101010111110101000100 Y
b10010001110110110101000100001011 Z
b11011000010111111111010111 h
b1001000010001011010111000110 i
b11 q
b11 .
b1001000010001011010111000110 _
b11011000010111111111010111 ^
b10010001110110110101000100001011 1
b1100111010101010111110101000100 0
b1001000111011011010100010000101101100111010101010111110101000100 \
b1111110110010001101010100001100101111100100010001011111001010000 [
b1100111010101010111110101000100 5
b10010001110110110101000100001011 6
b11011000010111111111010111 c
b1001000010001011010111000110 d
b110110000101111111110101111001000010001011010111000110 `
b110100111110011110111100100101000001110000101011 j
b1001000010001011010111000110 b
b11011000010111111111010111 a
b10010001110110110101000100001011 3
b1100111010101010111110101000100 2
b1111110110010001101010100001100101111100100010001011111001010000 /
b1111110110010001101010100001100101111100100010001011111001010000 &
b110010100011111011110110101010100010100001010111 O
b110100111110011110111100100101000001110000101011 ]
b110100111110011110111100100101000001110000101011 '
b110010100011111011110110101010100010100001010111 =
b110011101100101001010001111100011010001111100 <
b110 >
b11101 ?
b100101 @
b1010 A
b1111 B
b100011 C
b10001 D
b111100 E
b101 W
b1110 V
b11 U
b1 T
b110 S
b1101 R
b1011 Q
b1 P
b1 F
b1011 G
b1101 H
b110 I
b1 J
b11 K
b1110 L
b101 M
b11011110101100001001111100101 N
b1100100011110010111110100100011 X
b1100100011110010111110100100011 ;
b1100100011110010111110100100011 4
#372
0!
0#
#374
1!
1#
b10010001110110110101000100001011 Y
b11001011000000000001100111 Z
b100 q
b1101100001011111111101011100 h
b100001000101101011100011010 i
b100001000101101011100011010 _
b1101100001011111111101011100 ^
b100 .
b11001011000000000001100111 1
b10010001110110110101000100001011 0
b1100101100000000000110011110010001110110110101000100001011 \
b1110101101100011000100010011001010101000000100010010100110100000 [
b10010001110110110101000100001011 5
b11001011000000000001100111 6
b1101100001011111111101011100 c
b100001000101101011100011010 d
b11011000010111111111010111000100001000101101011100011010 `
b110111001001011110100111110011100001101001110000 j
b100001000101101011100011010 b
b1101100001011111111101011100 a
b11001011000000000001100111 3
b10010001110110110101000100001011 2
b1110101101100011000100010011001010101000000100010010100110100000 /
b1110101101100011000100010011001010101000000100010010100110100000 &
b100000000110100101011000000000000000001100001110 O
b110111001001011110100111110011100001101001110000 ]
b110111001001011110100111110011100001101001110000 '
b100000000110100101011000000000000000001100001110 =
b10111001111111011111111110011100001100101111110 <
b10111 >
b1111 ?
b111011 @
b111111 A
b110011 B
b100001 C
b100101 D
b111110 E
b1000 W
b1101 V
b100 U
b1111 T
b1110 S
b101 R
b1110 Q
b1011 P
b1011 F
b1110 G
b101 H
b1110 I
b1111 J
b100 K
b1101 L
b1000 M
b10111110010111101111010011011000 N
b1101111110111010001001011011011 X
b1101111110111010001001011011011 ;
b1101111110111010001001011011011 4
#376
0!
0#
#378
1!
1#
b11001011000000000001100111 Y
b11111110000001100100001111010000 Z
b110000101111111110101110011 h
b100010110101110001101001 i
b101 q
b101 .
b100010110101110001101001 _
b110000101111111110101110011 ^
b11111110000001100100001111010000 1
b11001011000000000001100111 0
b1111111000000110010000111101000000000011001011000000000001100111 \
b1000011011010110011100100110000001000001011000100100011101000001 [
b11001011000000000001100111 5
b11111110000001100100001111010000 6
b110000101111111110101110011 c
b100010110101110001101001 d
b1100001011111111101011100110000100010110101110001101001 `
b111100111001101001101111000100011110101101111000 j
b100010110101110001101001 b
b110000101111111110101110011 a
b11111110000001100100001111010000 3
b11001011000000000001100111 2
b1000011011010110011100100110000001000001011000100100011101000001 /
b1000011011010110011100100110000001000001011000100100011101000001 &
b11111111100000000001100001000000111111010100001 O
b111100111001101001101111000100011110101101111000 ]
b111100111001101001101111000100011110101101111000 '
b11111111100000000001100001000000111111010100001 =
b100011000101101001100011001100011001010111011001 <
b100011 >
b101 ?
b101001 @
b100011 A
b1100 B
b11001 C
b10111 D
b11001 E
b0 W
b1100 V
b0 U
b1011 T
b1111 S
b110 R
b100 Q
b1100 P
b1100 F
b100 G
b110 H
b1111 I
b1011 J
b0 K
b1100 L
b0 M
b11000100011011111011000011000000 N
b10100001110100011001000011010101 X
b10100001110100011001000011010101 ;
b10100001110100011001000011010101 4
#380
0!
0#
#382
1!
1#
b11111110000001100100001111010000 Y
b10100010111111011001000010110010 Z
b110 q
b1000010111111111010111001101 h
b10001011010111000110100100 i
b10001011010111000110100100 _
b1000010111111111010111001101 ^
b110 .
b10100010111111011001000010110010 1
b11111110000001100100001111010000 0
b1010001011111101100100001011001011111110000001100100001111010000 \
b1100011101001101100001001000010010111110100011001101011010111 [
b11111110000001100100001111010000 5
b10100010111111011001000010110010 6
b1000010111111111010111001101 c
b10001011010111000110100100 d
b10000101111111110101110011010010001011010111000110100100 `
b101010011111001011100110001100011001110000010000 j
b10001011010111000110100100 b
b1000010111111111010111001101 a
b10100010111111011001000010110010 3
b11111110000001100100001111010000 2
b1100011101001101100001001000010010111110100011001101011010111 /
b1100011101001101100001001000010010111110100011001101011010111 &
b10100000101011111111011110010100001010110100101 O
b101010011111001011100110001100011001110000010000 ]
b101010011111001011100110001100011001110000010000 '
b10100000101011111111011110010100001010110100101 =
b111110011010010100011101111110111000100110110101 <
b111110 >
b11010 ?
b10100 @
b11101 A
b111110 B
b111000 C
b100110 D
b110101 E
b1001 W
b1101 V
b1 U
b1110 T
b1110 S
b1100 R
b0 Q
b0 P
b0 F
b0 G
b1100 H
b1110 I
b1110 J
b1 K
b1101 L
b1001 M
b110011101110000111011001 N
b1011010101010011100111000001 X
b1011010101010011100111000001 ;
b1011010101010011100111000001 4
#384
0!
0#
#386
1!
1#
b10100010111111011001000010110010 Y
b11110101010100110111101000010001 Z
b1011111111101011100110110 h
b1000101101011100011010010000 i
b111 q
b111 .
1m
b1000101101011100011010010000 _
b1011111111101011100110110 ^
b11110101010100110111101000010001 1
b10100010111111011001000010110010 0
b1111010101010011011110100001000110100010111111011001000010110010 \
b111000110010110011000000010010001111111111001100111010011101010 [
b10100010111111011001000010110010 5
b11110101010100110111101000010001 6
b1011111111101011100110110 c
b1000101101011100011010010000 d
b10111111111010111001101101000101101011100011010010000 `
1*
b101100000101111111111110110010010010010000110110 j
b1000101101011100011010010000 b
b1011111111101011100110110 a
b11110101010100110111101000010001 3
b10100010111111011001000010110010 2
b111000110010110011000000010010001111111111001100111010011101010 /
b111000110010110011000000010010001111111111001100111010011101010 &
b111110101010101010100110101111110100000010100011 O
b101100000101111111111110110010010010010000110110 ]
b101100000101111111111110110010010010010000110110 '
b111110101010101010100110101111110100000010100011 =
b10010101111010101011000011101100110010010010101 <
b10010 >
b101111 ?
b10101 @
b11000 A
b11101 B
b100110 C
b10010 D
b10101 E
b110 W
b1100 V
b101 U
b1000 T
b1011 S
b101 R
b10 Q
b1010 P
b1010 F
b10 G
b101 H
b1011 I
b1000 J
b101 K
b1100 L
b110 M
b10100010010110111000010111000110 N
b11000101110100110010001001101001 X
b11000101110100110010001001101001 ;
b11000101110100110010001001101001 4
#388
0!
0#
#390
1!
1#
b11110101010100110111101000010001 Y
b1100111001011101011001011011011 Z
b1000 q
b101111111110101110011011000 h
b10110101110001101001000010 i
b10110101110001101001000010 _
b101111111110101110011011000 ^
b1000 .
1n
0m
b1100111001011101011001011011011 1
b11110101010100110111101000010001 0
b110011100101110101100101101101111110101010100110111101000010001 \
b1110001101111101110100000001100110101111110111001110100110000101 [
b11110101010100110111101000010001 5
b1100111001011101011001011011011 6
0*
1+
b101111111110101110011011000 c
b10110101110001101001000010 d
b1011111111101011100110110000010110101110001101001000010 `
b111101000111001101110001001011010110101010001100 j
b10110101110001101001000010 b
b101111111110101110011011000 a
b1100111001011101011001011011011 3
b11110101010100110111101000010001 2
b1110001101111101110100000001100110101111110111001110100110000101 /
b1110001101111101110100000001100110101111110111001110100110000101 &
b101100001110100101011101010110100101011011110110 O
b111101000111001101110001001011010110101010001100 ]
b111101000111001101110001001011010110101010001100 '
b101100001110100101011101010110100101011011110110 =
b10001001001101000101100011101110011110001111010 <
b10001 >
b1001 ?
b101000 @
b101100 A
b110011 C
b110001 D
b111010 E
b11 W
b1001 V
b1110 U
b111 S
b1000 R
b1111 Q
b1111 G
b1000 H
b111 I
b1110 K
b1001 L
b11 M
b10101111100001111000111010010011 N
b11010011111010100101101100011001 X
b11010011111010100101101100011001 ;
b11010011111010100101101100011001 4
#392
0!
0#
#394
1!
1#
b1100111001011101011001011011011 Y
b100110101110010010000100001000 Z
b1011111111101011100110110000 h
b101101011100011010010000100 i
b1001 q
b1001 .
0n
b101101011100011010010000100 _
b1011111111101011100110110000 ^
b100110101110010010000100001000 1
b1100111001011101011001011011011 0
b10011010111001001000010000100001100111001011101011001011011011 \
b1001011011101010111000000011001100011010111111001000001000011010 [
b1100111001011101011001011011011 5
b100110101110010010000100001000 6
b1011111111101011100110110000 c
b101101011100011010010000100 d
b10111111111010111001101100000101101011100011010010000100 `
0+
b11111101111100101110110000100100010111000100001 j
b101101011100011010010000100 b
b1011111111101011100110110000 a
b100110101110010010000100001000 3
b1100111001011101011001011011011 2
b1001011011101010111000000011001100011010111111001000001000011010 /
b1001011011101010111000000011001100011010111111001000001000011010 &
b100001101010111110010100100000010100001010000 O
b11111101111100101110110000100100010111000100001 ]
b11111101111100101110110000100100010111000100001 '
b100001101010111110010100100000010100001010000 =
b11011100010110010000100100000100000011001110001 <
b11011 >
b100010 ?
b110010 @
b100 A
b100000 B
b100000 C
b11001 D
b110001 E
b1111 W
b10 V
b1001 U
b100 T
b1110 S
b1 R
b1110 Q
b101 P
b101 F
b1110 G
b1 H
b1110 I
b100 J
b1001 K
b10 L
b1111 M
b1011110000111100100100100101111 N
b1011100010011101011110001110010 X
b1011100010011101011110001110010 ;
b1011100010011101011110001110010 4
#396
0!
0#
#398
1!
1#
b100110101110010010000100001000 Y
b111011011000000000111010101001 Z
b1010 q
b1111111110101110011011000010 h
b110101110001101001000010001 i
b110101110001101001000010001 _
b1111111110101110011011000010 ^
b1010 .
b111011011000000000111010101001 1
b100110101110010010000100001000 0
b11101101100000000011101010100100100110101110010010000100001000 \
b110100111000100100001000110011101100000111110010001000000100001 [
b100110101110010010000100001000 5
b111011011000000000111010101001 6
b1111111110101110011011000010 c
b110101110001101001000010001 d
b11111111101011100110110000100110101110001101001000010001 `
b101011101110010101011011111110100010100100010100 j
b110101110001101001000010001 b
b1111111110101110011011000010 a
b111011011000000000111010101001 3
b100110101110010010000100001000 2
b110100111000100100001000110011101100000111110010001000000100001 /
b110100111000100100001000110011101100000111110010001000000100001 &
b100111110110101100000000000001011101010101010010 O
b101011101110010101011011111110100010100100010100 ]
b101011101110010101011011111110100010100100010100 '
b100111110110101100000000000001011101010101010010 =
b1100011000111001011011111111111111110001000110 <
b1100 >
b11000 ?
b111001 @
b11011 A
b111111 B
b111111 C
b110001 D
b110 E
b100 W
b1001 V
b1101 U
b11 T
b1010 S
b1011 R
b1100 Q
b1011 P
b1011 F
b1100 G
b1011 H
b1010 I
b11 J
b1101 K
b1001 L
b100 M
b10111100101110100011110110010100 N
b110110110010000010001111111111 X
b110110110010000010001111111111 ;
b110110110010000010001111111111 4
#400
0!
0#
#402
1!
1#
b111011011000000000111010101001 Y
b10000011100010000001011110111 Z
b1111111010111001101100001011 h
b1010111000110100100001000101 i
b1011 q
b1011 .
b1010111000110100100001000101 _
b1111111010111001101100001011 ^
b10000011100010000001011110111 1
b111011011000000000111010101001 0
b1000001110001000000101111011100111011011000000000111010101001 \
b1001001110001101000010011000101011010001101100110011000100000011 [
b111011011000000000111010101001 5
b10000011100010000001011110111 6
b1111111010111001101100001011 c
b1010111000110100100001000101 d
b11111110101110011011000010111010111000110100100001000101 `
b11011110100011100111111001000010110001110011010 j
b1010111000110100100001000101 b
b1111111010111001101100001011 a
b10000011100010000001011110111 3
b111011011000000000111010101001 2
b1001001110001101000010011000101011010001101100110011000100000011 /
b1001001110001101000010011000101011010001101100110011000100000011 &
b100010100000001110100010100000000101011110101110 O
b11011110100011100111111001000010110001110011010 ]
b11011110100011100111111001000010110001110011010 '
b100010100000001110100010100000000101011110101110 =
b111001010100010010011101101000010011010000110100 <
b111001 >
b10100 ?
b10010 @
b11101 A
b101000 B
b10011 C
b10000 D
b110100 E
b1010 W
b11 V
b1 U
b1010 T
b1110 S
b1101 R
b10 Q
b1010 P
b1010 F
b10 G
b1101 H
b1110 I
b1010 J
b1 K
b11 L
b1010 M
b10100010110111101010000100111010 N
b1001111110000110011011111000000 X
b1001111110000110011011111000000 ;
b1001111110000110011011111000000 4
#404
0!
0#
#406
1!
1#
b10000011100010000001011110111 Y
b1110100101000110011100101101001 Z
b1100 q
b1111101011100110110000101111 h
b1011100011010010000100010110 i
b1011100011010010000100010110 _
b1111101011100110110000101111 ^
b1100 .
b1110100101000110011100101101001 1
b10000011100010000001011110111 0
b111010010100011001110010110100100010000011100010000001011110111 \
b11011100011010010000100000010111100110011101110110001100010010 [
b10000011100010000001011110111 5
b1110100101000110011100101101001 6
b1111101011100110110000101111 c
b1011100011010010000100010110 d
b11111010111001101100001011111011100011010010000100010110 `
b111011111001100110011001011101010011000000000011 j
b1011100011010010000100010110 b
b1111101011100110110000101111 a
b1110100101000110011100101101001 3
b10000011100010000001011110111 2
b11011100011010010000100000010111100110011101110110001100010010 /
b11011100011010010000100000010111100110011101110110001100010010 &
b101110101001010100000110100111110010101101010010 O
b111011111001100110011001011101010011000000000011 ]
b111011111001100110011001011101010011000000000011 '
b101110101001010100000110100111110010101101010010 =
b10101010000110010011111111010100001101101010001 <
b10101 >
b10000 ?
b110010 @
b11111 A
b111010 B
b100001 C
b101101 D
b10001 E
b1100 W
b1010 V
b100 U
b11 T
b1001 S
b1 R
b1001 Q
b1100 P
b1100 F
b1001 G
b1 H
b1001 I
b11 J
b100 K
b1010 L
b1100 M
b11001001000110010011010010101100 N
b10101100100010001100010011101001 X
b10101100100010001100010011101001 ;
b10101100100010001100010011101001 4
#408
0!
0#
#410
1!
1#
b1110100101000110011100101101001 Y
b10111100111110011100011000011110 Z
b1110101110011011000010111111 h
b1110001101001000010001011010 i
b1101 q
b1101 .
b1110001101001000010001011010 _
b1110101110011011000010111111 ^
b10111100111110011100011000011110 1
b1110100101000110011100101101001 0
b1011110011111001110001100001111001110100101000110011100101101001 \
b11101000100101110001010101101111011001111110101001011001110100 [
b1110100101000110011100101101001 5
b10111100111110011100011000011110 6
b1110101110011011000010111111 c
b1110001101001000010001011010 d
b11101011100110110000101111111110001101001000010001011010 `
b111111010101011111011111001100000000001101110 j
b1110001101001000010001011010 b
b1110101110011011000010111111 a
b10111100111110011100011000011110 3
b1110100101000110011100101101001 2
b11101000100101110001010101101111011001111110101001011001110100 /
b11101000100101110001010101101111011001111110101001011001110100 &
b10111111001011111110011111000001100000011111101 O
b111111010101011111011111001100000000001101110 ]
b111111010101011111011111001100000000001101110 '
b10111111001011111110011111000001100000011111101 =
b10000000011110100001000000001101100000010010011 <
b10000 >
b11 ?
b110100 @
b1000 A
b1 B
b101100 C
b10 D
b10011 E
b101 W
b1011 V
b1100 U
b1110 T
b0 S
b10 R
b1101 Q
b11 P
b11 F
b1101 G
b10 H
b0 I
b1110 J
b1100 K
b1011 L
b101 M
b111101001000001110110010110101 N
b10011000011000100111010111111 X
b10011000011000100111010111111 ;
b10011000011000100111010111111 4
#412
0!
0#
#414
1!
1#
b10111100111110011100011000011110 Y
b1100111101011110111011111010110 Z
b1110 q
b1010111001101100001011111111 h
b1000110100100001000101101011 i
b1000110100100001000101101011 _
b1010111001101100001011111111 ^
b1110 .
1m
b1100111101011110111011111010110 1
b10111100111110011100011000011110 0
b110011110101111011101111101011010111100111110011100011000011110 \
b111010001011111110111111011001010100111111101000110110110111001 [
b10111100111110011100011000011110 5
b1100111101011110111011111010110 6
1*
b1010111001101100001011111111 c
b1000110100100001000101101011 d
b10101110011011000010111111111000110100100001000101101011 `
b101111110111110010011010000001001011101111001110 j
b1000110100100001000101101011 b
b1010111001101100001011111111 a
b1100111101011110111011111010110 3
b10111100111110011100011000011110 2
b111010001011111110111111011001010100111111101000110110110111001 /
b111010001011111110111111011001010100111111101000110110110111001 &
b1100001111110101011110101110101111111010101100 O
b101111110111110010011010000001001011101111001110 ]
b101111110111110010011010000001001011101111001110 '
b1100001111110101011110101110101111111010101100 =
b100011111000000111000100101111100100010101100010 <
b100011 >
b111000 ?
b111 @
b100 A
b101111 B
b100100 C
b10101 D
b100010 E
b1011 W
b101 V
b1111 U
b1101 T
b1110 S
b1001 R
b1001 Q
b1100 P
b1100 F
b1001 G
b1001 H
b1110 I
b1101 J
b1111 K
b101 L
b1011 M
b11001001100111101101111101011011 N
b111111111111101111100101001000 X
b111111111111101111100101001000 ;
b111111111111101111100101001000 4
#416
0!
0#
#418
1!
1#
b1100111101011110111011111010110 Y
b10000011000001110011111101010110 Z
b1011100110110000101111111110 h
b11010010000100010110101110 i
b1111 q
b1111 .
0m
1u
b11010010000100010110101110 _
b1011100110110000101111111110 ^
b10000011000001110011111101010110 1
b1100111101011110111011111010110 0
b1000001100000111001111110101011001100111101011110111011111010110 \
b1111110011111111101111110010010000001111101011001000101101100010 [
b1100111101011110111011111010110 5
b10000011000001110011111101010110 6
b1011100110110000101111111110 c
b11010010000100010110101110 d
b10111001101100001011111111100011010010000100010110101110 `
1v
0*
1n
1m
b11111100010111111001100001101001001010011110001 j
b11010010000100010110101110 b
b1011100110110000101111111110 a
b10000011000001110011111101010110 3
b1100111101011110111011111010110 2
b1111110011111111101111110010010000001111101011001000101101100010 /
b1111110011111111101111110010010000001111101011001000101101100010 &
b10000000110100000001110100111111110101010101101 O
b11111100010111111001100001101001001010011110001 ]
1*
1+
b11111100010111111001100001101001001010011110001 '
b10000000110100000001110100111111110101010101101 =
b1111100100011111000010101010110111111001011100 <
b1111 >
b100100 ?
b11111 @
b10 A
b101010 B
b110111 C
b111001 D
b11100 E
b1100 W
b1110 V
b111 U
b1101 S
b1 R
b111 Q
b1 P
b1 F
b111 G
b1 H
b1101 I
b111 K
b1110 L
b1100 M
b10111000111011101011111101100 N
b11101101001101000111010001111011 X
b11101101001101000111010001111011 ;
b11101101001101000111010001111011 4
#420
0!
0#
#422
1!
1#
b10000011000001110011111101010110 Y
b10001010100110110000001110101101 Z
0k
b0 q
b111001101100001011111111101 h
b110100100001000101101011100 i
b110100100001000101101011100 _
b111001101100001011111111101 ^
b0 .
0l
0u
0(
b10001010100110110000001110101101 1
b10000011000001110011111101010110 0
b1000101010011011000000111010110110000011000001110011111101010110 \
b1011110111111110001010110101100100011010000010010000001011010001 [
b10000011000001110011111101010110 5
b10001010100110110000001110101101 6
0)
b111001101100001011111111101 c
b110100100001000101101011100 d
b1110011011000010111111111010110100100001000101101011100 `
b1100110011110111110101111010100111000001001100 j
b110100100001000101101011100 b
b111001101100001011111111101 a
0g
b10001010100110110000001110101101 3
b10000011000001110011111101010110 2
b1011110111111110001010110101100100011010000010010000001011010001 /
b1011110111111110001010110101100100011010000010010000001011010001 &
b110001010101010011110110100000000111110101011011 O
b1100110011110111110101111010100111000001001100 ]
b1100110011110111110101111010100111000001001100 '
b110001010101010011110110100000000111110101011011 =
b111101100110100100000011011010100000110100010111 <
b111101 >
b100110 ?
b100100 @
b11 A
b11010 B
b100000 C
b110100 D
b10111 E
b1011 W
b110 V
b1001 U
b0 T
b1000 S
b100 R
b1011 Q
b110 P
b110 F
b1011 G
b100 H
b1000 I
b0 J
b1001 K
b110 L
b1011 M
b1101011010010000000100101101011 N
b1011000000110111110111001000000 X
b1011000000110111110111001000000 ;
b1011000000110111110111001000000 4
#424
0!
0#
#426
1!
1#
b10001010100110110000001110101101 Y
b11011011000111001101000100010110 Z
0p
0-
1r
b11011011000111001101000100010110 1
b10001010100110110000001110101101 0
b1101101100011100110100010001011010001010100110110000001110101101 \
b110111011101001000100111111001001110101000000100100010011100110 [
b10001010100110110000001110101101 5
b11011011000111001101000100010110 6
1%
1:
b1111100100001000100111100000100 5
b111010101000000111100000010010 6
b111010101000000111100000010010 3
b1111100100001000100111100000100 2
b110111011101001000100111111001001110101000000100100010011100110 /
b110111011101001000100111111001001110101000000100100010011100110 &
b111110101010100000000001111110000000010100100 O
b111110101010100000000001111110000000010100100 =
b1011000110100011110101110101010111000011101000 <
b1011 >
b110 ?
b100011 @
b110101 A
b110101 B
b10111 C
b11 D
b101000 E
b1001 W
b0 V
b1110 U
b101 S
b1010 R
b1110 Q
b10 P
b10 F
b1110 G
b1010 H
b101 I
b1110 K
b0 L
b1001 M
b101110101001010000111000001001 N
b11011000001010000001101100011100 X
b11011000001010000001101100011100 ;
b11011000001010000001101100011100 4
#428
0!
0#
#430
1!
1#
b1011111010010000000011101111 e
b10100001011010100110110010 f
b1000000101100001110001100010111001000100110010100001001100010110 7
b10000001011000011100011000101110 8
b1000100110010100001001100010110 9
b10100001011010100110110010 d
b1011111010010000000011101111 c
b1011111010010000000011101111 a
b10100001011010100110110010 b
b1000100110010100001001100010110 6
b10000001011000011100011000101110 5
b10000001011000011100011000101110 2
b1000100110010100001001100010110 3
b1000001001011001010100000010100110100010101100 O
b1000001001011001010100000010100110100010101100 =
b100111010101110100001111000000001100011100000 <
b100 >
b111010 ?
b101110 @
b100001 A
b111000 B
b1 C
b100011 D
b100000 E
b111 W
b1011 V
b1010 U
b110 T
b11 S
b0 R
b11 Q
b1101 P
b1101 F
b11 G
b0 H
b11 I
b110 J
b1010 K
b1011 L
b111 M
b11010011000000110110101010110111 N
b11010010111001101100110010100011 X
b11010010111001101100110010100011 ;
b11010010111001101100110010100011 4
#432
0!
0#
#434
1!
1#
1k
1t
1(
0r
0%
#436
0!
0#
#438
1!
1#
0t
b111110100100000000111011111 h
b101000010110101001101100100 i
1p
b1 q
1s
b1 .
1l
1-
b101000010110101001101100100 _
b111110100100000000111011111 ^
b1111101001000000001110111110101000010110101001101100100 `
1)
0v
0m
1g
b1101110110000111001101000110111001101000011001 j
b1101110110000111001101000110111001101000011001 ]
b111110100100000000111011111 c
b101000010110101001101100100 d
0*
b101000010110101001101100100 b
b111110100100000000111011111 a
b1101110110000111001101000110111001101000011001 '
b101111111011110011001000100011111001010110101 <
b101 >
b111111 ?
b11110 @
b11001 A
b100 B
b11111 C
b1010 D
b110101 E
b1001 W
b0 V
b1000 U
b100 T
b1 S
b1000 R
b1001 Q
b111 P
b111 F
b1001 G
b1000 H
b1 I
b100 J
b1000 K
b0 L
b1001 M
b1111001100000010100100000001001 N
b10011000000011001100101100000010 X
b10011000000011001100101100000010 ;
b10011000000011001100101100000010 4
#440
0!
0#
#442
1!
1#
b1000100110010100001001100010110 Y
b11001011011010000110100101100 Z
b10 q
0s
b1111101001000000001110111110 h
b1010000101101010011011001000 i
b1010000101101010011011001000 _
b1111101001000000001110111110 ^
b10 .
0n
b11001011011010000110100101100 1
b1000100110010100001001100010110 0
b1100101101101000011010010110001000100110010100001001100010110 \
b101110000101010100101110111010101001010000100011011000000100000 [
0+
0:
b1111101001000000001110111110 c
b1010000101101010011011001000 d
b11111010010000000011101111101010000101101010011011001000 `
b111100011110110011101101010000000011001101110 j
b1010000101101010011011001000 b
b1111101001000000001110111110 a
b1000100110010100001001100010110 5
b11001011011010000110100101100 6
b101110000101010100101110111010101001010000100011011000000100000 /
b101110000101010100101110111010101001010000100011011000000100000 &
b11001011011010000110100101100 3
b1000100110010100001001100010110 2
b111100011110110011101101010000000011001101110 ]
b111100011110110011101101010000000011001101110 '
b11110010101101011010100001011010100101011000 O
b11110010101101011010100001011010100101011000 =
b100010001011011000111001011011010111100110110 <
b100 >
b10001 ?
b11011 @
b111 A
b1011 B
b11010 C
b111100 D
b110110 E
b1101 W
b1001 V
b111 U
b111 T
b101 S
b1011 R
b1100 Q
b1101 P
b1101 F
b1100 G
b1011 H
b101 I
b111 J
b111 K
b1001 L
b1101 M
b11011100101101010111011110011101 N
b10101110101011001011100110111111 X
b10101110101011001011100110111111 ;
b10101110101011001011100110111111 4
#444
0!
0#
#446
1!
1#
b11001011011010000110100101100 Y
b11101010011001101010101010101001 Z
b1110100100000000111011111011 h
b1000010110101001101100100010 i
b11 q
b11 .
b1000010110101001101100100010 _
b1110100100000000111011111011 ^
b11101010011001101010101010101001 1
b11001011011010000110100101100 0
b1110101001100110101010101010100100011001011011010000110100101100 \
b1010100101010100001110101110111110000000011101110111000001000101 [
b11001011011010000110100101100 5
b11101010011001101010101010101001 6
b1110100100000000111011111011 c
b1000010110101001101100100010 d
b11101001000000001110111110111000010110101001101100100010 `
b10111110010110001001001100111001101101010000110 j
b1000010110101001101100100010 b
b1110100100000000111011111011 a
b11101010011001101010101010101001 3
b11001011011010000110100101100 2
b1010100101010100001110101110111110000000011101110111000001000101 /
b1010100101010100001110101110111110000000011101110111000001000101 &
b111101010100001100001101010101010101010101010011 O
b10111110010110001001001100111001101101010000110 ]
b10111110010110001001001100111001101101010000110 '
b111101010100001100001101010101010101010101010011 =
b101010100110111101000100110010011000111111010101 <
b101010 >
b100110 ?
b111101 @
b100 A
b110010 B
b11000 C
b111111 D
b10101 E
b110 W
b1100 V
b1110 U
b1001 T
b1110 S
b10 R
b1011 Q
b110 P
b110 F
b1011 G
b10 H
b1110 I
b1001 J
b1110 K
b1100 L
b110 M
b1101011001011101001111011000110 N
b1110001011110101101001001101101 X
b1110001011110101101001001101101 ;
b1110001011110101101001001101101 4
#448
0!
0#
#450
1!
1#
b11101010011001101010101010101001 Y
b1101000000101111101111101000001 Z
b100 q
b1010010000000011101111101111 h
b1011010100110110010001010 i
b1011010100110110010001010 _
b1010010000000011101111101111 ^
b100 .
b1101000000101111101111101000001 1
b11101010011001101010101010101001 0
b110100000010111110111110100000111101010011001101010101010101001 \
b1011110111100001101001100111000010100111010101110010110001110 [
b11101010011001101010101010101001 5
b1101000000101111101111101000001 6
b1010010000000011101111101111 c
b1011010100110110010001010 d
b10100100000000111011111011110001011010100110110010001010 `
b10010111110110010101100000101000100011011110001 j
b1011010100110110010001010 b
b1010010000000011101111101111 a
b1101000000101111101111101000001 3
b11101010011001101010101010101001 2
b1011110111100001101001100111000010100111010101110010110001110 /
b1011110111100001101001100111000010100111010101110010110001110 &
b101101010000000010101111111011111110101000000010 O
b10010111110110010101100000101000100011011110001 ]
b10010111110110010101100000101000100011011110001 '
b101101010000000010101111111011111110101000000010 =
b111111101110110000000011111110111010110011110011 <
b111111 >
b101110 ?
b110000 @
b11 A
b111110 B
b111010 C
b110011 D
b110011 E
b1100 W
b101 V
b1101 U
b1110 T
b1000 S
b1011 R
b1 Q
b1101 P
b1101 F
b1 G
b1011 H
b1000 I
b1110 J
b1101 K
b101 L
b1100 M
b11010001101110001110110101011100 N
b11111100101001110000111101110 X
b11111100101001110000111101110 ;
b11111100101001110000111101110 4
#452
0!
0#
#454
1!
1#
b1101000000101111101111101000001 Y
b11110101111100100100101101000111 Z
b1001000000001110111110111110 h
b101101010011011001000101000 i
b101 q
b101 .
b101101010011011001000101000 _
b1001000000001110111110111110 ^
b11110101111100100100101101000111 1
b1101000000101111101111101000001 0
b1111010111110010010010110100011101101000000101111101111101000001 \
b110111100111101011010011000110001111000110100001101111101011000 [
b1101000000101111101111101000001 5
b11110101111100100100101101000111 6
b1001000000001110111110111110 c
b101101010011011001000101000 d
b10010000000011101111101111100101101010011011001000101000 `
b110110001010110110001110100110111010100001000001 j
b101101010011011001000101000 b
b1001000000001110111110111110 a
b11110101111100100100101101000111 3
b1101000000101111101111101000001 2
b110111100111101011010011000110001111000110100001101111101011000 /
b110111100111101011010011000110001111000110100001101111101011000 &
b111110101011111110100100001001010110101000001111 O
b110110001010110110001110100110111010100001000001 ]
b110110001010110110001110100110111010100001000001 '
b111110101011111110100100001001010110101000001111 =
b1000100001001000101010101111101100001001001110 <
b1000 >
b100001 ?
b1000 @
b101010 A
b101111 B
b101100 C
b1001 D
b1110 E
b1 W
b100 V
b1100 U
b1101 T
b1011 S
b110 R
b1101 Q
b10 P
b10 F
b1101 G
b110 H
b1011 I
b1101 J
b1100 K
b100 L
b1 M
b101101011010111101110001000001 N
b10110001010111010100101001011100 X
b10110001010111010100101001011100 ;
b10110001010111010100101001011100 4
#456
0!
0#
#458
1!
1#
b11110101111100100100101101000111 Y
b11011001010010101001010100011101 Z
b110 q
b100000000111011111011111010 h
b110101001101100100010100001 i
b110101001101100100010100001 _
b100000000111011111011111010 ^
b110 .
b11011001010010101001010100011101 1
b11110101111100100100101101000111 0
b1101100101001010100101010001110111110101111100100100101101000111 \
b1100111100111010100001110101100111100101101000001111101011100100 [
b11110101111100100100101101000111 5
b11011001010010101001010100011101 6
b100000000111011111011111010 c
b110101001101100100010100001 d
b1000000001110111110111110100110101001101100100010100001 `
b11100001010111000101011101000101110011100010000 j
b110101001101100100010100001 b
b100000000111011111011111010 a
b11011001010010101001010100011101 3
b11110101111100100100101101000111 2
b1100111100111010100001110101100111100101101000001111101011100100 /
b1100111100111010100001110101100111100101101000001111101011100100 &
b111011110010101001010101010010101010100011111011 O
b11100001010111000101011101000101110011100010000 ]
b11100001010111000101011101000101110011100010000 '
b111011110010101001010101010010101010100011111011 =
b100111111000010001111110111010000100111111101011 <
b100111 >
b111000 ?
b10001 @
b111110 A
b111010 B
b100 C
b111111 D
b101011 E
b1010 W
b1100 V
b1010 U
b11 T
b100 S
b10 R
b1001 Q
b1001 G
b10 H
b100 I
b11 J
b1010 K
b1100 L
b1010 M
b101001001001000011101011001010 N
b111000001110100101001010000101 X
b111000001110100101001010000101 ;
b111000001110100101001010000101 4
#460
0!
0#
#462
1!
1#
b11011001010010101001010100011101 Y
b11001101110010000001100111000010 Z
b11101111101111101001 h
b1010100110110010001010000101 i
b111 q
b111 .
1m
b1010100110110010001010000101 _
b11101111101111101001 ^
b11001101110010000001100111000010 1
b11011001010010101001010100011101 0
b1100110111001000000110011100001011011001010010101001010100011101 \
b1100111000100001010010101111011010001110000000001111000111011001 [
b11011001010010101001010100011101 5
b11001101110010000001100111000010 6
b11101111101111101001 c
b1010100110110010001010000101 d
b111011111011111010011010100110110010001010000101 `
1*
b111000011011110000100110001110010010011100000110 j
b1010100110110010001010000101 b
b11101111101111101001 a
b11001101110010000001100111000010 3
b11011001010010101001010100011101 2
b1100111000100001010010101111011010001110000000001111000111011001 /
b1100111000100001010010101111011010001110000000001111000111011001 &
b11001011011111001010000000011110011111000000101 O
b111000011011110000100110001110010010011100000110 ]
b111000011011110000100110001110010010011100000110 '
b11001011011111001010000000011110011111000000101 =
b100001000000001001110110001101100001100100000011 <
b100001 >
b0 ?
b1001 @
b110110 A
b1101 B
b100001 C
b100100 D
b11 E
b1111 W
b1011 V
b100 U
b1101 T
b1110 S
b11 R
b1111 Q
b1111 P
b1111 F
b1111 G
b11 H
b1110 I
b1101 J
b100 K
b1011 L
b1111 M
b11111111001111101101010010111111 N
b1101111110011101101111001111111 X
b1101111110011101101111001111111 ;
b1101111110011101101111001111111 4
#464
0!
0#
#466
1!
1#
b11001101110010000001100111000010 Y
b10110110100001000100101101100010 Z
b1000 q
b1110111110111110100100 h
b1010011011001000101000010110 i
b1010011011001000101000010110 _
b1110111110111110100100 ^
b1000 .
1n
0m
b10110110100001000100101101100010 1
b11001101110010000001100111000010 0
b1011011010000100010010110110001011001101110010000001100111000010 \
b1000110001000111110100001010110001001000010000011010011111110010 [
b11001101110010000001100111000010 5
b10110110100001000100101101100010 6
0*
1+
b1110111110111110100100 c
b1010011011001000101000010110 d
b11101111101111101001001010011011001000101000010110 `
b111000001010111011010110111111000100000010000010 j
b1010011011001000101000010110 b
b1110111110111110100100 a
b10110110100001000100101101100010 3
b11001101110010000001100111000010 2
b1000110001000111110100001010110001001000010000011010011111110010 /
b1000110001000111110100001010110001001000010000011010011111110010 &
b10110101101010000001000001001010110101100000101 O
b111000001010111011010110111111000100000010000010 ]
b111000001010111011010110111111000100000010000010 '
b10110101101010000001000001001010110101100000101 =
b101110100111101011011110110110010010101110000111 <
b101110 >
b100111 ?
b101011 @
b11110 A
b110110 B
b10010 C
b101110 D
b111 E
b1000 W
b1110 V
b1101 U
b101 T
b1111 S
b1001 R
b1 Q
b1011 P
b1011 F
b1 G
b1001 H
b1111 I
b101 J
b1101 K
b1110 L
b1000 M
b10110001100111110101110111101000 N
b10111100110101000111011101001011 X
b10111100110101000111011101001011 ;
b10111100110101000111011101001011 4
#468
0!
0#
#470
1!
1#
b10110110100001000100101101100010 Y
b1110001000111000110111010001001 Z
b11101111101111101001000 h
b100110110010001010000101101 i
b1001 q
b1001 .
0n
b100110110010001010000101101 _
b11101111101111101001000 ^
b1110001000111000110111010001001 1
b10110110100001000100101101100010 0
b111000100011100011011101000100110110110100001000100101101100010 \
b100100110001110101101000001110111010000110001100100111010100001 [
b10110110100001000100101101100010 5
b1110001000111000110111010001001 6
b11101111101111101001000 c
b100110110010001010000101101 d
b111011111011111010010000100110110010001010000101101 `
0+
b111000000101011001110110000100111010100111100100 j
b100110110010001010000101101 b
b11101111101111101001000 a
b1110001000111000110111010001001 3
b10110110100001000100101101100010 2
b100100110001110101101000001110111010000110001100100111010100001 /
b100100110001110101101000001110111010000110001100100111010100001 &
b101110100010100011111000001101011101010001010010 O
b111000000101011001110110000100111010100111100100 ]
b111000000101011001110110000100111010100111100100 '
b101110100010100011111000001101011101010001010010 =
b10110100111111010001110001001100111110110110110 <
b10110 >
b111010 @
b1110 A
b1001 B
b100111 C
b110110 D
b110110 E
b1101 W
b1000 V
b1100 U
b100 T
b1010 S
b1010 R
b1100 P
b1100 F
b1010 H
b1010 I
b100 J
b1100 K
b1000 L
b1101 M
b11000001101010100100110010001101 N
b11000110001001100100101101101 X
b11000110001001100100101101101 ;
b11000110001001100100101101101 4
#472
0!
0#
#474
1!
1#
b1110001000111000110111010001001 Y
b10101110010000001000001000001111 Z
b1010 q
b1110111110111110100100000 h
b11011001000101000010110101 i
b11011001000101000010110101 _
b1110111110111110100100000 ^
b1010 .
b10101110010000001000001000001111 1
b1110001000111000110111010001001 0
b1010111001000000100000100000111101110001000111000110111010001001 \
b1000001101001101011010010110101110100000110010001001100001000110 [
b1110001000111000110111010001001 5
b10101110010000001000001000001111 6
b1110111110111110100100000 c
b11011001000101000010110101 d
b11101111101111101001000000011011001000101000010110101 `
b111001001101101101100100011000001000110110010001 j
b11011001000101000010110101 b
b1110111110111110100100000 a
b10101110010000001000001000001111 3
b1110001000111000110111010001001 2
b1000001101001101011010010110101110100000110010001001100001000110 /
b1000001101001101011010010110101110100000110010001001100001000110 &
b110101011100001000000001010000000100000001011111 O
b111001001101101101100100011000001000110110010001 ]
b111001001101101101100100011000001000110110010001 '
b110101011100001000000001010000000100000001011111 =
b1100010001100101100101001000001100110111001110 <
b1100 >
b10001 ?
b100101 @
b100101 A
b1000 B
b1100 C
b110111 D
b1110 E
b1 W
b1111 V
b110 U
b111 T
b0 S
b1101 R
b1100 Q
b1011 P
b1011 F
b1100 G
b1101 H
b0 I
b111 J
b110 K
b1111 L
b1 M
b10111100110100000111011011110001 N
b100110101111010000111110011011 X
b100110101111010000111110011011 ;
b100110101111010000111110011011 4
#476
0!
0#
#478
1!
1#
b10101110010000001000001000001111 Y
b1010111101000010110000100010010 Z
b111011111011111010010000000 h
b1101100100010100001011010100 i
b1011 q
b1011 .
b1101100100010100001011010100 _
b111011111011111010010000000 ^
b1010111101000010110000100010010 1
b10101110010000001000001000001111 0
b101011110100001011000010001001010101110010000001000001000001111 \
b101011011001011110000101000001001000001100101000110010010011000 [
b10101110010000001000001000001111 5
b1010111101000010110000100010010 6
b111011111011111010010000000 c
b1101100100010100001011010100 d
b1110111110111110100100000001101100100010100001011010100 `
b100000101111001101110011010010110010010000011111 j
b1101100100010100001011010100 b
b111011111011111010010000000 a
b1010111101000010110000100010010 3
b10101110010000001000001000001111 2
b101011011001011110000101000001001000001100101000110010010011000 /
b101011011001011110000101000001001000001100101000110010010011000 &
b1010101111110100000010101100000010100010100100 O
b100000101111001101110011010010110010010000011111 ]
b100000101111001101110011010010110010010000011111 '
b1010101111110100000010101100000010100010100100 =
b101010000000111001110001111110110000110010111011 <
b101010 >
b0 ?
b111001 @
b110001 A
b111110 B
b110000 C
b110010 D
b111011 E
b101 W
b111 U
b1110 T
b1001 S
b1011 R
b1111 Q
b110 P
b110 F
b1111 G
b1011 H
b1001 I
b1110 J
b111 K
b101 M
b1101111101110011110011111110101 N
b11000111001111001110111111111101 X
b11000111001111001110111111111101 ;
b11000111001111001110111111111101 4
#480
0!
0#
#482
1!
1#
b1010111101000010110000100010010 Y
b1101001011111000110110111110010 Z
b1100 q
b1101111101111101001000000001 h
b110010001010000101101010011 i
b110010001010000101101010011 _
b1101111101111101001000000001 ^
b1100 .
b1101001011111000110110111110010 1
b1010111101000010110000100010010 0
b110100101111100011011011111001001010111101000010110000100010010 \
b1110110010000011100101000101010010010011011111011101110100100001 [
b1010111101000010110000100010010 5
b1101001011111000110110111110010 6
b1101111101111101001000000001 c
b110010001010000101101010011 d
b11011111011111010010000000010110010001010000101101010011 `
b101011010101011101110011011011110101000110001000 j
b110010001010000101101010011 b
b1101111101111101001000000001 a
b1101001011111000110110111110010 3
b1010111101000010110000100010010 2
b1110110010000011100101000101010010010011011111011101110100100001 /
b1110110010000011100101000101010010010011011111011101110100100001 &
b1101010010101111111000001101011011111110100100 O
b101011010101011101110011011011110101000110001000 ]
b101011010101011101110011011011110101000110001000 '
b1101010010101111111000001101011011111110100100 =
b100110000111110010001011010110101110111000101100 <
b100110 >
b111 ?
b110010 @
b1011 A
b10110 B
b101110 C
b111000 D
b101100 E
b1110 W
b0 V
b11 U
b1111 T
b1111 S
b1 R
b111 Q
b1000 P
b1000 F
b111 G
b1 H
b1111 I
b1111 J
b11 K
b0 L
b1110 M
b10000111000111111111001100001110 N
b11101101111001100111000011110000 X
b11101101111001100111000011110000 ;
b11101101111001100111000011110000 4
#484
0!
0#
#486
1!
1#
b1101001011111000110110111110010 Y
b10111010010001110001000111100010 Z
b111110111110100100000000111 h
b1001000101000010110101001101 i
b1101 q
b1101 .
b1001000101000010110101001101 _
b111110111110100100000000111 ^
b10111010010001110001000111100010 1
b1101001011111000110110111110010 0
b1011101001000111000100011110001001101001011111000110110111110010 \
b1001110001010011001110001110100001100110111010111011101101000011 [
b1101001011111000110110111110010 5
b10111010010001110001000111100010 6
b111110111110100100000000111 c
b1001000101000010110101001101 d
b1111101111101001000000001111001000101000010110101001101 `
b111001110101001111001001000000000101000101101111 j
b1001000101000010110101001101 b
b111110111110100100000000111 a
b10111010010001110001000111100010 3
b1101001011111000110110111110010 2
b1001110001010011001110001110100001100110111010111011101101000011 /
b1001110001010011001110001110100001100110111010111011101101000011 &
b10111110100001000001110100010100011111100000101 O
b111001110101001111001001000000000101000101101111 ]
b111001110101001111001001000000000101000101101111 '
b10111110100001000001110100010100011111100000101 =
b101110000001000111000111100010100110111001101010 <
b101110 >
b1 ?
b111 @
b111 A
b100010 B
b100110 C
b111001 D
b101010 E
b1100 W
b1110 V
b101 U
b10 T
b101 S
b1001 R
b11 Q
b1011 P
b1011 F
b11 G
b1001 H
b101 I
b10 J
b101 K
b1110 L
b1100 M
b10110011100101010010010111101100 N
b11001100100100000111011110101011 X
b11001100100100000111011110101011 ;
b11001100100100000111011110101011 4
#488
0!
0#
#490
1!
1#
b10111010010001110001000111100010 Y
b10100101111011000001101001011001 Z
b1110 q
b1111011111010010000000011101 h
b100010100001011010100110110 i
b100010100001011010100110110 _
b1111011111010010000000011101 ^
b1110 .
1m
b10100101111011000001101001011001 1
b10111010010001110001000111100010 0
b1010010111101100000110100101100110111010010001110001000111100010 \
b110100110100110011100001001010110001101110100100011001111010010 [
b10111010010001110001000111100010 5
b10100101111011000001101001011001 6
1*
b1111011111010010000000011101 c
b100010100001011010100110110 d
b11110111110100100000000111010100010100001011010100110110 `
b110111101001111010001110001101001100010100100 j
b100010100001011010100110110 b
b1111011111010010000000011101 a
b10100101111011000001101001011001 3
b10111010010001110001000111100010 2
b110100110100110011100001001010110001101110100100011001111010010 /
b110100110100110011100001001010110001101110100100011001111010010 &
b110100001011111101011000000011110100001011110011 O
b110111101001111010001110001101001100010100100 ]
b110111101001111010001110001101001100010100100 '
b110100001011111101011000000011110100001011110011 =
b110010110110110010001001110010011101101001010111 <
b110010 >
b110110 ?
b110010 @
b1001 A
b110010 B
b11101 C
b101001 D
b10111 E
b1011 W
b1 V
b11 U
b1001 T
b110 S
b1 R
b110 Q
b1100 P
b1100 F
b110 G
b1 H
b110 I
b1001 J
b11 K
b1 L
b1011 M
b11000110000101101001001100011011 N
b1101111111000101011100000010000 X
b1101111111000101011100000010000 ;
b1101111111000101011100000010000 4
#492
0!
0#
#494
1!
1#
b10100101111011000001101001011001 Y
b11010101101001011010100111110010 Z
b1101111101001000000001110111 h
b1010000101101010011011001 i
b1111 q
b1111 .
0m
1u
b1010000101101010011011001 _
b1101111101001000000001110111 ^
b11010101101001011010100111110010 1
b10100101111011000001101001011001 0
b1101010110100101101010011111001010100101111011000001101001011001 \
b1101011000001001111100000010111001001011101101010110001111110101 [
b10100101111011000001101001011001 5
b11010101101001011010100111110010 6
b1101111101001000000001110111 c
b1010000101101010011011001 d
b11011111010010000000011101110001010000101101010011011001 `
1v
0*
1n
1m
b111010101100111011011110000000000111111111001 j
b1010000101101010011011001 b
b1101111101001000000001110111 a
b11010101101001011010100111110010 3
b10100101111011000001101001011001 2
b1101011000001001111100000010111001001011101101010110001111110101 /
b1101011000001001111100000010111001001011101101010110001111110101 &
b11010101011110100001011110101010011111110100101 O
b111010101100111011011110000000000111111111001 ]
1*
1+
b111010101100111011011110000000000111111111001 '
b11010101011110100001011110101010011111110100101 =
b11101111110010011010000000101010011000001011100 <
b11101 >
b111110 ?
b10011 @
b10000 A
b101 B
b10011 C
b1 D
b11100 E
b1100 W
b1101 V
b1 U
b10 T
b1 S
b1000 R
b1111 Q
b11 P
b11 F
b1111 G
b1000 H
b1 I
b10 J
b1 K
b1101 L
b1100 M
b111111100000010010000111011100 N
b11001010000110000110001110110011 X
b11001010000110000110001110110011 ;
b11001010000110000110001110110011 4
#496
0!
0#
#498
1!
1#
b11010101101001011010100111110010 Y
b1101111111101000111100111101010 Z
0k
b0 q
b1011111010010000000011101111 h
b10100001011010100110110010 i
b10100001011010100110110010 _
b1011111010010000000011101111 ^
b0 .
0l
0u
0(
b1101111111101000111100111101010 1
b11010101101001011010100111110010 0
b110111111110100011110011110101011010101101001011010100111110010 \
b1110110001000011111100000100110110010110011111111101011110111011 [
b11010101101001011010100111110010 5
b1101111111101000111100111101010 6
0)
b1011111010010000000011101111 c
b10100001011010100110110010 d
b10111110100100000000111011110010100001011010100110110010 `
b11110110101110011000111001011111010000000000 j
b10100001011010100110110010 b
b1011111010010000000011101111 a
0g
b1101111111101000111100111101010 3
b11010101101001011010100111110010 2
b1110110001000011111100000100110110010110011111111101011110111011 /
b1110110001000011111100000100110110010110011111111101011110111011 &
b1101011111111110101000001111110011111101010100 O
b11110110101110011000111001011111010000000000 ]
b11110110101110011000111001011111010000000000 '
b1101011111111110101000001111110011111101010100 =
b1110101001010000110000110110101100101101010100 <
b1110 >
b101001 ?
b10000 @
b110000 A
b110110 B
b101100 C
b101101 D
b10100 E
b11 W
b1010 V
b1100 U
b101 T
b1111 S
b1 R
b11 Q
b1000 P
b1000 F
b11 G
b1 H
b1111 I
b101 J
b1100 K
b1010 L
b11 M
b10000011000111110101110010100011 N
b11110100110001100101110001001001 X
b11110100110001100101110001001001 ;
b11110100110001100101110001001001 4
#500
0!
0#
#502
1!
1#
b1101111111101000111100111101010 Y
b100001011000111111010110111011 Z
0p
0-
1r
b100001011000111111010110111011 1
b1101111111101000111100111101010 0
b10000101100011111101011011101101101111111101000111100111101010 \
b1101110110010011101001001000101100101101111111111011111000100111 [
b1101111111101000111100111101010 5
b100001011000111111010110111011 6
1%
1:
b10000001011000011100011000101110 5
b1000100110010100001001100010110 6
b1000100110010100001001100010110 3
b10000001011000011100011000101110 2
b1101110110010011101001001000101100101101111111111011111000100111 /
b1101110110010011101001001000101100101101111111111011111000100111 &
b1000001001011001010100000010100110100010101100 O
b1000001001011001010100000010100110100010101100 =
b1011111111110111001100111011111001110010101100 <
b1011 >
b111111 ?
b110111 @
b1100 A
b111011 B
b111001 C
b110010 D
b101100 E
b1110 W
b1111 V
b110 U
b100 T
b1001 S
b11 R
b1001 Q
b10 P
b10 F
b1001 G
b11 H
b1001 I
b100 J
b110 K
b1111 L
b1110 M
b101001001110010100011011111110 N
b10001110001111100100011001101101 X
b10001110001111100100011001101101 ;
b10001110001111100100011001101101 4
#504
0!
0#
#506
1!
1#
b11101101011001011101101010 e
b111110001011001101010111 f
b1110101000100000011010001011010011011001100001111101010111001011 7
b11101010001000000110100010110100 8
b11011001100001111101010111001011 9
b111110001011001101010111 d
b11101101011001011101101010 c
b11101101011001011101101010 a
b111110001011001101010111 b
b11011001100001111101010111001011 6
b11101010001000000110100010110100 5
b11101010001000000110100010110100 2
b11011001100001111101010111001011 3
b111011110011110000001111111010101011111001010111 O
b111011110011110000001111111010101011111001010111 =
b111000000101011110010111000011110100101001010111 <
b111000 >
b101 ?
b11110 @
b10111 A
b11 B
b110100 C
b101001 D
b10111 E
b1011 W
b1 V
b100 U
b1011 T
b1100 S
b1000 R
b100 Q
b11 P
b11 F
b100 G
b1000 H
b1100 I
b1011 J
b100 K
b1 L
b1011 M
b110100100011001011010000011011 N
b101011000000100001101111011010 X
b101011000000100001101111011010 ;
b101011000000100001101111011010 4
#508
0!
0#
#510
1!
1#
1k
1(
0r
0%
#512
0!
0#
#514
1!
1#
b111011010110010111011010100 h
b1111100010110011010101110 i
b1 q
1s
b1 .
1l
b1111100010110011010101110 _
b111011010110010111011010100 ^
b1110110101100101110110101000001111100010110011010101110 `
1)
0v
0:
b1101111111101000111100111101010 5
b100001011000111111010110111011 6
0m
1g
b11100101110011110010001000011011010010011110101 j
b11100101110011110010001000011011010010011110101 ]
b111011010110010111011010100 c
b1111100010110011010101110 d
0*
b100001011000111111010110111011 3
b1101111111101000111100111101010 2
b100100000010101100000111111110101011110111110110 O
b1111100010110011010101110 b
b111011010110010111011010100 a
b11100101110011110010001000011011010010011110101 '
b100111011101101110011110111001110001101010100010 <
b100100000010101100000111111110101011110111110110 =
b111000101100110010010110111101110001100100000011 <
b101100 ?
b110010 @
b10110 A
b111101 B
b110001 C
b100100 D
b11 E
b1111 W
b1011 V
b1011 U
b101 T
b101 S
b1 R
b1101 Q
b1101 G
b1 H
b101 I
b101 J
b1011 K
b1011 L
b1111 M
b111101000101010101101110111111 N
b10111110001011100111111000110011 X
b10111110001011100111111000110011 ;
b10111110001011100111111000110011 4
#516
0!
0#
#518
1!
1#
b10 q
b1110110101100101110110101000 h
b11111000101100110101011100 i
b11111000101100110101011100 _
b1110110101100101110110101000 ^
b10 .
0n
0+
b1110110101100101110110101000 c
b11111000101100110101011100 d
b11101101011001011101101010000011111000101100110101011100 `
b111011100111100001100101111000000111001011111001 j
b11111000101100110101011100 b
b1110110101100101110110101000 a
b111011100111100001100101111000000111001011111001 ]
b111011100111100001100101111000000111001011111001 '
b11111100101001101100010000110101100111100001111 <
b11111 >
b100101 ?
b1101 @
b100010 A
b110 B
b101100 C
b111100 D
b1111 E
b100 W
b1001 V
b1100 U
b1 T
b110 S
b110 R
b1010 Q
b1000 P
b1000 F
b1010 G
b110 H
b110 I
b1 J
b1100 K
b1001 L
b100 M
b10001010011001100001110010010100 N
b1110010110010010001000000101101 X
b1110010110010010001000000101101 ;
b1110010110010010001000000101101 4
#520
0!
0#
#522
1!
1#
b1011010110010111011010100011 h
b1111100010110011010101110000 i
b11 q
b11 .
b1111100010110011010101110000 _
b1011010110010111011010100011 ^
b1011010110010111011010100011 c
b1111100010110011010101110000 d
b10110101100101110110101000111111100010110011010101110000 `
b100010111110111101101000011100111011101000101011 j
b1111100010110011010101110000 b
b1011010110010111011010100011 a
b100010111110111101101000011100111011101000101011 ]
b100010111110111101101000011100111011101000101011 '
b110111100010001101111100010010000011111011101 <
b110 >
b111100 ?
b10001 @
b101111 A
b100010 B
b10000 C
b11111 D
b11101 E
b1001 W
b110 V
b0 U
b10 T
b1000 S
b10 R
b10 Q
b1 P
b1 F
b10 G
b10 H
b1000 I
b10 J
b0 K
b110 L
b1001 M
b10010001010000010000001101001 N
b1001000000100000000110011000110 X
b1001000000100000000110011000110 ;
b1001000000100000000110011000110 4
#524
0!
0#
#526
1!
1#
b100 q
b1101011001011101101010001110 h
b1110001011001101010111000011 i
b1110001011001101010111000011 _
b1101011001011101101010001110 ^
b100 .
b1101011001011101101010001110 c
b1110001011001101010111000011 d
b11010110010111011010100011101110001011001101010111000011 `
b110010000111011110111011101101100001110100111010 j
b1110001011001101010111000011 b
b1101011001011101101010001110 a
b110010000111011110111011101101100001110100111010 ]
b110010000111011110111011101101100001110100111010 '
b10110000101110010111100010011001010000011001100 <
b10110 >
b101 ?
b110010 @
b111100 A
b10011 B
b1010 C
b11 D
b1100 E
b1011 W
b0 V
b10 U
b0 T
b1 R
b100 Q
b1100 P
b1100 F
b100 G
b1 H
b0 J
b10 K
b0 L
b1011 M
b11000100000110000000001000001011 N
b1100101000101000100001010000 X
b1100101000101000100001010000 ;
b1100101000101000100001010000 4
#528
0!
0#
#530
1!
1#
b101100101110110101000111011 h
b1000101100110101011100001111 i
b101 q
b101 .
b1000101100110101011100001111 _
b101100101110110101000111011 ^
b101100101110110101000111011 c
b1000101100110101011100001111 d
b1011001011101101010001110111000101100110101011100001111 `
b111101011001111101001001000011010011101101110110 j
b1000101100110101011100001111 b
b101100101110110101000111011 a
b111101011001111101001001000011010011101101110110 ]
b111101011001111101001001000011010011101101110110 '
b11001011011010001001110111101111000011010000000 <
b11001 >
b11011 ?
b10001 @
b1110 A
b111101 B
b111000 C
b11010 D
b0 E
b1101 W
b1010 V
b1 U
b101 T
b1010 S
b10 R
b1001 Q
b1001 P
b1001 F
b1001 G
b10 H
b1010 I
b101 J
b1 K
b1010 L
b1101 M
b10011001001010100101000110101101 N
b101000110011000110110001100111 X
b101000110011000110110001100111 ;
b101000110011000110110001100111 4
#532
0!
0#
#534
1!
1#
b110 q
b110010111011010100011101101 h
b10110011010101110000111110 i
b10110011010101110000111110 _
b110010111011010100011101101 ^
b110 .
b110010111011010100011101101 c
b10110011010101110000111110 d
b1100101110110101000111011010010110011010101110000111110 `
b10000111111101011000011011101011110100011110000 j
b10110011010101110000111110 b
b110010111011010100011101101 a
b10000111111101011000011011101011110100011110000 ]
b10000111111101011000011011101011110100011110000 '
b110100111101000111000100100011110101010100000110 <
b110100 >
b111101 ?
b111 @
b100 A
b100011 B
b110101 C
b10100 D
b110 E
b100 W
b1001 V
b1000 T
b1110 S
b1001 R
b1110 Q
b1110 G
b1001 H
b1110 I
b1000 J
b1001 L
b100 M
b10011110100111101000000110010100 N
b1000111110010000011000101110011 X
b1000111110010000011000101110011 ;
b1000111110010000011000101110011 4
#536
0!
0#
#538
1!
1#
b1001011101101010001110110101 h
b1011001101010111000011111000 i
b111 q
b111 .
1m
b1011001101010111000011111000 _
b1001011101101010001110110101 ^
b1001011101101010001110110101 c
b1011001101010111000011111000 d
b10010111011010100011101101011011001101010111000011111000 `
1*
b1110011111110111010110011000011000110001011111 j
b1011001101010111000011111000 b
b1001011101101010001110110101 a
b1110011111110111010110011000011000110001011111 ]
b1110011111110111010110011000011000110001011111 '
b101010011101011011010001100110110011000110101001 <
b101010 >
b11101 ?
b11011 @
b10001 A
b100110 B
b110011 C
b110 D
b101001 E
b1110 V
b1110 U
b1011 T
b100 S
b1011 R
b1011 Q
b110 P
b110 F
b1011 G
b1011 H
b100 I
b1011 J
b1110 K
b1110 L
b1101011101101001011111011100100 N
b1110101001110001101011110101101 X
b1110101001110001101011110101101 ;
b1110101001110001101011110101101 4
#540
0!
0#
#542
1!
1#
b1000 q
b101110110101000111011010110 h
b1100110101011100001111100010 i
b1100110101011100001111100010 _
b101110110101000111011010110 ^
b1000 .
1n
0m
0*
1+
b101110110101000111011010110 c
b1100110101011100001111100010 d
b1011101101010001110110101101100110101011100001111100010 `
b11101000110010111001011100011111011010010011110 j
b1100110101011100001111100010 b
b101110110101000111011010110 a
b11101000110010111001011100011111011010010011110 ]
b11101000110010111001011100011111011010010011110 '
b111001000100111011001100011101010000100101101000 <
b111001 >
b100 ?
b111011 @
b1100 A
b11101 B
b10000 C
b100101 D
b101000 E
b1001 W
b1101 V
b0 U
b1000 T
b1001 S
b101 R
b1000 Q
b1010 P
b1010 F
b1000 G
b101 H
b1001 I
b1000 J
b0 K
b1101 L
b1001 M
b10101000010110011000000011011001 N
b10001111100110010000101001000001 X
b10001111100110010000101001000001 ;
b10001111100110010000101001000001 4
#544
0!
0#
#546
1!
1#
b1011101101010001110110101100 h
b1001101010111000011111000101 i
b1001 q
b1001 .
0n
b1001101010111000011111000101 _
b1011101101010001110110101100 ^
b1011101101010001110110101100 c
b1001101010111000011111000101 d
b10111011010100011101101011001001101010111000011111000101 `
0+
b10011100011101111110100100110010011011100101011 j
b1001101010111000011111000101 b
b1011101101010001110110101100 a
b10011100011101111110100100110010011011100101011 ]
b10011100011101111110100100110010011011100101011 '
b110111100001000011110011011000111000101011011101 <
b110111 >
b100001 ?
b11 @
b110011 A
b11000 B
b111000 C
b101011 D
b11101 E
b100 V
b1 U
b1101 T
b100 S
b111 R
b1101 Q
b1110 P
b1110 F
b1101 G
b111 H
b100 I
b1101 J
b1 K
b100 L
b11101101011101001101000101001001 N
b101101100111011111101000010100 X
b101101100111011111101000010100 ;
b101101100111011111101000010100 4
#548
0!
0#
#550
1!
1#
b1010 q
b1110110101000111011010110010 h
b110101011100001111100010110 i
b110101011100001111100010110 _
b1110110101000111011010110010 ^
b1010 .
b1110110101000111011010110010 c
b110101011100001111100010110 d
b11101101010001110110101100100110101011100001111100010110 `
b100111101111110001101001011111100111101000100000 j
b110101011100001111100010110 b
b1110110101000111011010110010 a
b100111101111110001101001011111100111101000100000 ]
b100111101111110001101001011111100111101000100000 '
b11101101011101101110100001001100011111010110 <
b11 >
b101101 ?
b11101 @
b101110 A
b100001 B
b1100 C
b11111 D
b10110 E
b1110 W
b110 V
b110 U
b1011 T
b1101 S
b1111 R
b100 Q
b1111 P
b1111 F
b100 G
b1111 H
b1101 I
b1011 J
b110 K
b110 L
b1110 M
b11110100111111011011011001101110 N
b10101101101100111001011111111110 X
b10101101101100111001011111111110 ;
b10101101101100111001011111111110 4
#552
0!
0#
#554
1!
1#
b1011010100011101101011001011 h
b1010101110000111110001011001 i
b1011 q
b1011 .
b1010101110000111110001011001 _
b1011010100011101101011001011 ^
b1011010100011101101011001011 c
b1010101110000111110001011001 d
b10110101000111011010110010111010101110000111110001011001 `
b110010110110011101101010011100000110100101111110 j
b1010101110000111110001011001 b
b1011010100011101101011001011 a
b110010110110011101101010011100000110100101111110 ]
b110010110110011101101010011100000110100101111110 '
b10110110100110001101101100010101101010010001000 <
b10110 >
b110100 ?
b110001 @
b101101 A
b100010 B
b101101 C
b10010 D
b1000 E
b110 W
b1100 V
b1111 U
b10 T
b100 R
b1100 Q
b1100 P
b1100 F
b1100 G
b100 H
b10 J
b1111 K
b1100 L
b110 M
b11001100010011010010111111000110 N
b10010000101110111011000011111001 X
b10010000101110111011000011111001 ;
b10010000101110111011000011111001 4
#556
0!
0#
#558
1!
1#
b1100 q
b1101010001110110101100101110 h
b1010111000011111000101100110 i
b1010111000011111000101100110 _
b1101010001110110101100101110 ^
b1100 .
b1101010001110110101100101110 c
b1010111000011111000101100110 d
b11010100011101101011001011101010111000011111000101100110 `
b111010001101111110001101101001011011100010011010 j
b1010111000011111000101100110 b
b1101010001110110101100101110 a
b111010001101111110001101101001011011100010011010 ]
b111010001101111110001101101001011011100010011010 '
b11110001111010010001010010111110000010101101100 <
b11110 >
b1111 ?
b10010 @
b1010 A
b10111 B
b110000 C
b10101 D
b101100 E
b1110 W
b101 V
b111 U
b1010 T
b110 S
b1101 R
b1110 Q
b111 P
b111 F
b1110 G
b1101 H
b110 I
b1010 J
b111 K
b101 L
b1110 M
b1111110110101101010011101011110 N
b1001111011110111011001110111010 X
b1001111011110111011001110111010 ;
b1001111011110111011001110111010 4
#560
0!
0#
#562
1!
1#
b101000111011010110010111011 h
b1011100001111100010110011010 i
b1101 q
b1101 .
b1011100001111100010110011010 _
b101000111011010110010111011 ^
b101000111011010110010111011 c
b1011100001111100010110011010 d
b1010001110110101100101110111011100001111100010110011010 `
b10100011011101101001011111001010011011001110011 j
b1011100001111100010110011010 b
b101000111011010110010111011 a
b10100011011101101001011111001010011011001110011 ]
b10100011011101101001011111001010011011001110011 '
b110000011001000001001100000111111000101110000101 <
b110000 >
b11001 ?
b1 @
b1100 A
b111 B
b111000 C
b101110 D
b101 E
b1101 W
b1110 V
b1 U
b1100 T
b1001 S
b110 Q
b1111 P
b1111 F
b110 G
b1001 I
b1100 J
b1 K
b1110 L
b1101 M
b11110110110110011100000111101101 N
b11001101100101011010111101110011 X
b11001101100101011010111101110011 ;
b11001101100101011010111101110011 4
#564
0!
0#
#566
1!
1#
b1110 q
b100011101101011001011101101 h
b1110000111110001011001101010 i
b1110000111110001011001101010 _
b100011101101011001011101101 ^
b1110 .
1m
1*
b100011101101011001011101101 c
b1110000111110001011001101010 d
b1000111011010110010111011011110000111110001011001101010 `
b1000011111110011110011001111111000101001101110 j
b1110000111110001011001101010 b
b100011101101011001011101101 a
b1000011111110011110011001111111000101001101110 ]
b1000011111110011110011001111111000101001101110 '
b101100011101011111110100110001010011011110011000 <
b101100 >
b11101 ?
b11111 @
b110100 A
b110001 B
b10011 C
b11110 D
b11000 E
b101 W
b1 V
b110 T
b11 S
b1 R
b1011 Q
b10 P
b10 F
b1011 G
b1 H
b11 I
b110 J
b1 L
b101 M
b101011000100110110000100010101 N
b11000110010011000110101010100000 X
b11000110010011000110101010100000 ;
b11000110010011000110101010100000 4
#568
0!
0#
#570
1!
1#
b1110110101100101110110101 h
b1000011111000101100110101011 i
b1111 q
b1111 .
0m
1u
b1000011111000101100110101011 _
b1110110101100101110110101 ^
b1110110101100101110110101 c
b1000011111000101100110101011 d
b11101101011001011101101011000011111000101100110101011 `
1v
0*
1n
1m
b111101010110110111000110000101001101110111010110 j
b1000011111000101100110101011 b
b1110110101100101110110101 a
b111101010110110111000110000101001101110111010110 ]
1*
1+
b111101010110110111000110000101001101110111010110 '
b11001010100011011000001111011100110000000100000 <
b11001 >
b10100 ?
b11011 @
b1 A
b111011 B
b100110 C
b0 D
b100000 E
b111 W
b100 V
b101 U
b100 T
b1101 S
b1011 R
b10 Q
b1001 P
b1001 F
b10 G
b1011 H
b1101 I
b100 J
b101 K
b100 L
b111 M
b10010010101111010100010101000111 N
b11000100100101100011100101101110 X
b11000100100101100011100101101110 ;
b11000100100101100011100101101110 4
#572
0!
0#
#574
1!
1#
1o
b0 q
b11101101011001011101101010 h
b111110001011001101010111 i
b111110001011001101010111 _
b11101101011001011101101010 ^
b0 .
0l
0u
1,
0)
1:
b11101101011001011101101010 c
b111110001011001101010111 d
b111011010110010111011010100000111110001011001101010111 `
b1100001111101111110110111000011100110001100 j
b111110001011001101010111 b
b11101101011001011101101010 a
b11101010001000000110100010110100 5
b11011001100001111101010111001011 6
b11011001100001111101010111001011 3
b11101010001000000110100010110100 2
b1100001111101111110110111000011100110001100 ]
b1100001111101111110110111000011100110001100 '
b111011110011110000001111111010101011111001010111 O
b111011110011110000001111111010101011111001010111 =
b111010010010001101110001001101101000011111011011 <
b111010 >
b10010 ?
b1101 @
b110001 A
b1101 B
b101000 C
b11111 D
b11011 E
b1110 W
b110 V
b10 U
b1101 T
b1001 S
b110 R
b111 Q
b1010 P
b1010 F
b111 G
b110 H
b1001 I
b1101 J
b10 K
b110 L
b1110 M
b10100111011010011101001001101110 N
b11101001101101110100011001110100 X
b11101001101101110100011001110100 ;
b11101001101101110100011001110100 4
#576
0!
0#
#578
1!
1#
b11011001100001111101010111001011 Y
b11100101110010111011000000 Z
b1110110101100101110110101 h
b1000011111000101100110101011 i
b1 q
0s
b1 .
1l
b1000011111000101100110101011 _
b1110110101100101110110101 ^
b11100101110010111011000000 1
b11011001100001111101010111001011 0
b1110010111001011101100000011011001100001111101010111001011 \
b1111101001110110001111001000011010011000000001001000101110111011 [
b1110110101100101110110101 c
b1000011111000101100110101011 d
b11101101011001011101101011000011111000101100110101011 `
1)
0v
0:
b11011001100001111101010111001011 5
b11100101110010111011000000 6
0m
b111101010110110111000110000101001101110111010110 j
b1000011111000101100110101011 b
b1110110101100101110110101 a
b1111101001110110001111001000011010011000000001001000101110111011 /
b1111101001110110001111001000011010011000000001001000101110111011 &
b111101010110110111000110000101001101110111010110 ]
0*
b11100101110010111011000000 3
b11011001100001111101010111001011 2
b111110010101110100101011101011000000000 O
b111101010110110111000110000101001101110111010110 '
b110100101000111001001111111100110001110000001 <
b111110010101110100101011101011000000000 =
b111101010001000101101000100000010000101111010110 <
b111101 >
b10001 ?
b101 @
b101000 A
b100000 B
b10000 C
b101111 D
b10110 E
b111 V
b0 U
b100 T
b1100 S
b0 R
b1100 Q
b110 P
b110 F
b1100 G
b0 H
b1100 I
b100 J
b0 K
b111 L
b1101100000011000100000001111110 N
b1010000111101001011001110000 X
b1010000111101001011001110000 ;
b1010000111101001011001110000 4
#580
0!
0#
#582
1!
1#
b11100101110010111011000000 Y
b11010011100110010100001110111011 Z
b10 q
b100011101101011001011101101 h
b1110000111110001011001101010 i
b1110000111110001011001101010 _
b100011101101011001011101101 ^
b10 .
0n
b11010011100110010100001110111011 1
b11100101110010111011000000 0
b1101001110011001010000111011101100000011100101110010111011000000 \
b1111010111101101001010000001100101110001000010010100011001110011 [
b11100101110010111011000000 5
b11010011100110010100001110111011 6
0+
b100011101101011001011101101 c
b1110000111110001011001101010 d
b1000111011010110010111011011110000111110001011001101010 `
b1000011111110011110011001111111000101001101110 j
b1110000111110001011001101010 b
b100011101101011001011101101 a
b11010011100110010100001110111011 3
b11100101110010111011000000 2
b1111010111101101001010000001100101110001000010010100011001110011 /
b1111010111101101001010000001100101110001000010010100011001110011 &
b111010100111110011110010101000000111110111110111 O
b1000011111110011110011001111111000101001101110 ]
b1000011111110011110011001111111000101001101110 '
b111010100111110011110010101000000111110111110111 =
b110010111000000000000001100111111111011110011001 <
b110010 >
b111000 ?
b0 @
b1 A
b100111 B
b111111 C
b11110 D
b11001 E
b0 W
b1 V
b1101 U
b111 T
b1101 S
b1010 R
b1001 Q
b1100 P
b1100 F
b1001 G
b1010 H
b1101 I
b111 J
b1101 K
b1 L
b0 M
b11001001101011010111110100010000 N
b10110010100011001111000111001100 X
b10110010100011001111000111001100 ;
b10110010100011001111000111001100 4
#584
0!
0#
#586
1!
1#
b11010011100110010100001110111011 Y
b10110001000110111101111100001100 Z
b101000111011010110010111011 h
b1011100001111100010110011010 i
b11 q
b11 .
b1011100001111100010110011010 _
b101000111011010110010111011 ^
b10110001000110111101111100001100 1
b11010011100110010100001110111011 0
b1011000100011011110111110000110011010011100110010100001110111011 \
b1111111010011110000001010011011111110110010000101000110011100110 [
b11010011100110010100001110111011 5
b10110001000110111101111100001100 6
b101000111011010110010111011 c
b1011100001111100010110011010 d
b1010001110110101100101110111011100001111100010110011010 `
b10100011011101101001011111001010011011001110011 j
b1011100001111100010110011010 b
b101000111011010110010111011 a
b10110001000110111101111100001100 3
b11010011100110010100001110111011 2
b1111111010011110000001010011011111110110010000101000110011100110 /
b1111111010011110000001010011011111110110010000101000110011100110 &
b10110100010100011110111111011111110100001011001 O
b10100011011101101001011111001010011011001110011 ]
b10100011011101101001011111001010011011001110011 '
b10110100010100011110111111011111110100001011001 =
b10111001001110111100000010101101111000101010 <
b10 >
b111001 ?
b1110 @
b111100 A
b10 B
b101101 C
b111000 D
b101010 E
b1100 W
b0 V
b1111 U
b1100 T
b1000 S
b101 R
b0 Q
b100 P
b100 F
b0 G
b101 H
b1000 I
b1100 J
b1111 K
b0 L
b1100 M
b1000000010110001100111100001100 N
b11101001001011010000001101000 X
b11101001001011010000001101000 ;
b11101001001011010000001101000 4
#588
0!
0#
#590
1!
1#
b10110001000110111101111100001100 Y
b11001110101111001110001111010011 Z
b100 q
b1101010001110110101100101110 h
b1010111000011111000101100110 i
b1010111000011111000101100110 _
b1101010001110110101100101110 ^
b100 .
b11001110101111001110001111010011 1
b10110001000110111101111100001100 0
b1100111010111100111000111101001110110001000110111101111100001100 \
b1010110101101101010110100111101010111001100101000100110111011101 [
b10110001000110111101111100001100 5
b11001110101111001110001111010011 6
b1101010001110110101100101110 c
b1010111000011111000101100110 d
b11010100011101101011001011101010111000011111000101100110 `
b111010001101111110001101101001011011100010011010 j
b1010111000011111000101100110 b
b1101010001110110101100101110 a
b11001110101111001110001111010011 3
b10110001000110111101111100001100 2
b1010110101101101010110100111101010111001100101000100110111011101 /
b1010110101101101010110100111101010111001100101000100110111011101 &
b111001011101010111111001011100000111111010100111 O
b111010001101111110001101101001011011100010011010 ]
b111010001101111110001101101001011011100010011010 '
b111001011101010111111001011100000111111010100111 =
b11010000101001110100110101011100011000111101 <
b11 >
b10000 ?
b101001 @
b110100 A
b110101 B
b11100 C
b11000 D
b111101 E
b110 W
b101 V
b101 U
b0 T
b11 S
b110 R
b1001 Q
b1111 P
b1111 F
b1001 G
b110 H
b11 I
b0 J
b101 K
b101 L
b110 M
b11111001011000110000010101010110 N
b10000010110110111110001000101110 X
b10000010110110111110001000101110 ;
b10000010110110111110001000101110 4
#592
0!
0#
#594
1!
1#
b11001110101111001110001111010011 Y
b110011110000000011110100100010 Z
b1011010100011101101011001011 h
b1010101110000111110001011001 i
b101 q
b101 .
b1010101110000111110001011001 _
b1011010100011101101011001011 ^
b110011110000000011110100100010 1
b11001110101111001110001111010011 0
b11001111000000001111010010001011001110101111001110001111010011 \
b100111011001011101001001010010001100110011011011001101010111010 [
b11001110101111001110001111010011 5
b110011110000000011110100100010 6
b1011010100011101101011001011 c
b1010101110000111110001011001 d
b10110101000111011010110010111010101110000111110001011001 `
b110010110110011101101010011100000110100101111110 j
b1010101110000111110001011001 b
b1011010100011101101011001011 a
b110011110000000011110100100010 3
b11001110101111001110001111010011 2
b100111011001011101001001010010001100110011011011001101010111010 /
b100111011001011101001001010010001100110011011011001101010111010 &
b110100111111000000000000111111010100100000100 O
b110010110110011101101010011100000110100101111110 ]
b110010110110011101101010011100000110100101111110 '
b110100111111000000000000111111010100100000100 =
b110100010001100101101010011011111100000001111010 <
b110100 >
b10001 ?
b100101 @
b101010 A
b11011 B
b111100 C
b1 D
b111010 E
b11 W
b1101 V
b1011 U
b1001 T
b1011 S
b1101 R
b1100 Q
b1001 P
b1001 F
b1100 G
b1101 H
b1011 I
b1001 J
b1011 K
b1101 L
b11 M
b10011100110110111001101111010011 N
b10110111111110110010100101010011 X
b10110111111110110010100101010011 ;
b10110111111110110010100101010011 4
#596
0!
0#
#598
1!
1#
b110011110000000011110100100010 Y
b1111001010001111100101010000000 Z
b110 q
b1110110101000111011010110010 h
b110101011100001111100010110 i
b110101011100001111100010110 _
b1110110101000111011010110010 ^
b110 .
b1111001010001111100101010000000 1
b110011110000000011110100100010 0
b111100101000111110010101000000000110011110000000011110100100010 \
b1101100010010110000110000100110011001000110010100111010000100101 [
b110011110000000011110100100010 5
b1111001010001111100101010000000 6
b1110110101000111011010110010 c
b110101011100001111100010110 d
b11101101010001110110101100100110101011100001111100010110 `
b100111101111110001101001011111100111101000100000 j
b110101011100001111100010110 b
b1110110101000111011010110010 a
b1111001010001111100101010000000 3
b110011110000000011110100100010 2
b1101100010010110000110000100110011001000110010100111010000100101 /
b1101100010010110000110000100110011001000110010100111010000100101 &
b1111110010101000001111111001010101010000000000 O
b100111101111110001101001011111100111101000100000 ]
b100111101111110001101001011111100111101000100000 '
b1111110010101000001111111001010101010000000000 =
b101000011101011001100110100110110010111000100000 <
b101000 >
b11101 ?
b11001 @
b100110 A
b100110 B
b110010 C
b111000 D
b100000 E
b111 W
b0 V
b0 U
b1011 T
b0 S
b1100 R
b1011 Q
b1101 P
b1101 F
b1011 G
b1100 H
b0 I
b1011 J
b0 K
b0 L
b111 M
b11011011110000001011000000000111 N
b1100001100010111100100110100010 X
b1100001100010111100100110100010 ;
b1100001100010111100100110100010 4
#600
0!
0#
#602
1!
1#
b1111001010001111100101010000000 Y
b1010010010010111111010010000000 Z
b1011101101010001110110101100 h
b1001101010111000011111000101 i
b111 q
b111 .
1m
b1001101010111000011111000101 _
b1011101101010001110110101100 ^
b1010010010010111111010010000000 1
b1111001010001111100101010000000 0
b101001001001011111101001000000001111001010001111100101010000000 \
b1011000001111000001001001001100011000100100001001111110000001111 [
b1111001010001111100101010000000 5
b1010010010010111111010010000000 6
b1011101101010001110110101100 c
b1001101010111000011111000101 d
b10111011010100011101101011001001101010111000011111000101 `
1*
b10011100011101111110100100110010011011100101011 j
b1001101010111000011111000101 b
b1011101101010001110110101100 a
b1010010010010111111010010000000 3
b1111001010001111100101010000000 2
b1011000001111000001001001001100011000100100001001111110000001111 /
b1011000001111000001001001001100011000100100001001111110000001111 &
b1010100100001001010111111110101001010000000000 O
b10011100011101111110100100110010011011100101011 ]
b10011100011101111110100100110010011011100101011 '
b1010100100001001010111111110101001010000000000 =
b11001000111100110100011011000111010001100101011 <
b11001 >
b111 ?
b100110 @
b100011 A
b11000 B
b111010 C
b1100 D
b101011 E
b1010 W
b1000 V
b1101 U
b1101 T
b1111 S
b1001 R
b111 Q
b1001 P
b1001 F
b111 G
b1001 H
b1111 I
b1101 J
b1101 K
b1000 L
b1010 M
b10010111100111111101110110001010 N
b11111101110001100111000101011011 X
b11111101110001100111000101011011 ;
b11111101110001100111000101011011 4
#604
0!
0#
#606
1!
1#
b1010010010010111111010010000000 Y
b10000100100000011011101111011011 Z
b1000 q
b101110110101000111011010110 h
b1100110101011100001111100010 i
b1100110101011100001111100010 _
b101110110101000111011010110 ^
b1000 .
1n
0m
b10000100100000011011101111011011 1
b1010010010010111111010010000000 0
b1000010010000001101110111101101101010010010010111111010010000000 \
b11010110100101010010000010010110001101000011001010100101011111 [
b1010010010010111111010010000000 5
b10000100100000011011101111011011 6
0*
1+
b101110110101000111011010110 c
b1100110101011100001111100010 d
b1011101101010001110110101101100110101011100001111100010 `
b11101000110010111001011100011111011010010011110 j
b1100110101011100001111100010 b
b101110110101000111011010110 a
b10000100100000011011101111011011 3
b1010010010010111111010010000000 2
b11010110100101010010000010010110001101000011001010100101011111 /
b11010110100101010010000010010110001101000011001010100101011111 &
b110000001001010000000011110111110111111011110111 O
b11101000110010111001011100011111011010010011110 ]
b11101000110010111001011100011111011010010011110 '
b110000001001010000000011110111110111111011110111 =
b101101001111000111001000010100001100101001101001 <
b101101 >
b1111 ?
b111 @
b1000 A
b10100 B
b1100 C
b101001 D
b101001 E
b100 W
b1 V
b110 U
b11 T
b0 S
b1110 Q
b1 P
b1 F
b1110 G
b0 I
b11 J
b110 K
b1 L
b100 M
b11110100100000011011000010100 N
b1100110001010000000000110111010 X
b1100110001010000000000110111010 ;
b1100110001010000000000110111010 4
#608
0!
0#
#610
1!
1#
b10000100100000011011101111011011 Y
b110100011000111111010100111010 Z
b1001011101101010001110110101 h
b1011001101010111000011111000 i
b1001 q
b1001 .
0n
b1011001101010111000011111000 _
b1001011101101010001110110101 ^
b110100011000111111010100111010 1
b10000100100000011011101111011011 0
b11010001100011111101010011101010000100100000011011101111011011 \
b11111000011011110001000000101101001111010111010001011010101110 [
b10000100100000011011101111011011 5
b110100011000111111010100111010 6
b1001011101101010001110110101 c
b1011001101010111000011111000 d
b10010111011010100011101101011011001101010111000011111000 `
0+
b1110011111110111010110011000011000110001011111 j
b1011001101010111000011111000 b
b1001011101101010001110110101 a
b110100011000111111010100111010 3
b10000100100000011011101111011011 2
b11111000011011110001000000101101001111010111010001011010101110 /
b11111000011011110001000000101101001111010111010001011010101110 &
b110101000001100000111111110101010100111110100 O
b1110011111110111010110011000011000110001011111 ]
b1110011111110111010110011000011000110001011111 '
b110101000001100000111111110101010100111110100 =
b1000110111111011010001100110110010010110101011 <
b1000 >
b110111 ?
b111011 @
b10001 A
b100110 B
b110010 C
b10110 D
b101011 E
b1010 W
b111 V
b0 U
b1011 T
b100 S
b101 R
b1100 Q
b10 P
b10 F
b1100 G
b101 H
b100 I
b1011 J
b0 K
b111 L
b1010 M
b101100010101001011000001111010 N
b101111000110110001011010010000 X
b101111000110110001011010010000 ;
b101111000110110001011010010000 4
#612
0!
0#
#614
1!
1#
b110100011000111111010100111010 Y
b10101011100110101010110101001011 Z
b1010 q
b110010111011010100011101101 h
b10110011010101110000111110 i
b10110011010101110000111110 _
b110010111011010100011101101 ^
b1010 .
b10101011100110101010110101001011 1
b110100011000111111010100111010 0
b1010101110011010101011010100101100110100011000111111010100111010 \
b110110101110011100011000101011110011010111011100010100101011100 [
b110100011000111111010100111010 5
b10101011100110101010110101001011 6
b110010111011010100011101101 c
b10110011010101110000111110 d
b1100101110110101000111011010010110011010101110000111110 `
b10000111111101011000011011101011110100011110000 j
b10110011010101110000111110 b
b110010111011010100011101101 a
b10101011100110101010110101001011 3
b110100011000111111010100111010 2
b110110101110011100011000101011110011010111011100010100101011100 /
b110110101110011100011000101011110011010111011100010100101011100 &
b110101010111110011110101010101011010101001010111 O
b10000111111101011000011011101011110100011110000 ]
b10000111111101011000011011101011110100011110000 '
b110101010111110011110101010101011010101001010111 =
b100101101000011000110110001000000100001010100111 <
b100101 >
b101000 ?
b11000 @
b110110 A
b1000 B
b100 C
b1010 D
b100111 E
b111 W
b0 V
b1010 U
b111 T
b1110 S
b1011 R
b1010 Q
b1000 P
b1000 F
b1010 G
b1011 H
b1110 I
b111 J
b1010 K
b0 L
b111 M
b10001010101111100111101000000111 N
b1110100111011100001100111100100 X
b1110100111011100001100111100100 ;
b1110100111011100001100111100100 4
#616
0!
0#
#618
1!
1#
b10101011100110101010110101001011 Y
b1000000100011011110110011011110 Z
b101100101110110101000111011 h
b1000101100110101011100001111 i
b1011 q
b1011 .
b1000101100110101011100001111 _
b101100101110110101000111011 ^
b1000000100011011110110011011110 1
b10101011100110101010110101001011 0
b100000010001101111011001101111010101011100110101010110101001011 \
b1001101010100011000111011011111100100001100011000100011110111101 [
b10101011100110101010110101001011 5
b1000000100011011110110011011110 6
b101100101110110101000111011 c
b1000101100110101011100001111 d
b1011001011101101010001110111000101100110101011100001111 `
b111101011001111101001001000011010011101101110110 j
b1000101100110101011100001111 b
b101100101110110101000111011 a
b1000000100011011110110011011110 3
b10101011100110101010110101001011 2
b1001101010100011000111011011111100100001100011000100011110111101 /
b1001101010100011000111011011111100100001100011000100011110111101 &
b1000000001010001011011111101011001011011111100 O
b111101011001111101001001000011010011101101110110 ]
b111101011001111101001001000011010011101101110110 '
b1000000001010001011011111101011001011011111100 =
b110101011000101100010010111110001010110110001010 <
b110101 >
b11000 ?
b101100 @
b10010 A
b111110 B
b1010 C
b110110 D
b1010 E
b1111 W
b1000 V
b10 U
b1110 T
b10 S
b11 R
b1100 Q
b11 P
b11 F
b1100 G
b11 H
b10 I
b1110 J
b10 K
b1000 L
b1111 M
b111100001100101110001010001111 N
b1101011011100000101010110111 X
b1101011011100000101010110111 ;
b1101011011100000101010110111 4
#620
0!
0#
#622
1!
1#
b1000000100011011110110011011110 Y
b10100110111101001010011111111100 Z
b1100 q
b1101011001011101101010001110 h
b1110001011001101010111000011 i
b1110001011001101010111000011 _
b1101011001011101101010001110 ^
b1100 .
b10100110111101001010011111111100 1
b1000000100011011110110011011110 0
b1010011011110100101001111111110001000000100011011110110011011110 \
b10010001000110011111110010101100010011010111011001101101111111 [
b1000000100011011110110011011110 5
b10100110111101001010011111111100 6
b1101011001011101101010001110 c
b1110001011001101010111000011 d
b11010110010111011010100011101110001011001101010111000011 `
b110010000111011110111011101101100001110100111010 j
b1110001011001101010111000011 b
b1101011001011101101010001110 a
b10100110111101001010011111111100 3
b1000000100011011110110011011110 2
b10010001000110011111110010101100010011010111011001101101111111 /
b10010001000110011111110010101100010011010111011001101101111111 &
b10100001101011110101001010100001111111111111001 O
b110010000111011110111011101101100001110100111010 ]
b110010000111011110111011101101100001110100111010 '
b10100001101011110101001010100001111111111111001 =
b100110001010000000010010111001101110001011000011 <
b100110 >
b1010 ?
b0 @
b111001 B
b101110 C
b1011 D
b11 E
b1001 V
b11 U
b1010 T
b1010 R
b1011 Q
b1000 P
b1000 F
b1011 G
b1010 H
b1010 J
b11 K
b1001 L
b10001011101000101010001110011111 N
b1001011111010100110100110100101 X
b1001011111010100110100110100101 ;
b1001011111010100110100110100101 4
#624
0!
0#
#626
1!
1#
b10100110111101001010011111111100 Y
b1011011001111000010101111011 Z
b1011010110010111011010100011 h
b1111100010110011010101110000 i
b1101 q
b1101 .
b1111100010110011010101110000 _
b1011010110010111011010100011 ^
b1011011001111000010101111011 1
b10100110111101001010011111111100 0
b101101100111100001010111101110100110111101001010011111111100 \
b101110111011001101111100100001100100011101110110011001110101110 [
b10100110111101001010011111111100 5
b1011011001111000010101111011 6
b1011010110010111011010100011 c
b1111100010110011010101110000 d
b10110101100101110110101000111111100010110011010101110000 `
b100010111110111101101000011100111011101000101011 j
b1111100010110011010101110000 b
b1011010110010111011010100011 a
b1011011001111000010101111011 3
b10100110111101001010011111111100 2
b101110111011001101111100100001100100011101110110011001110101110 /
b101110111011001101111100100001100100011101110110011001110101110 &
b100001010110101100001111110000001010101111110110 O
b100010111110111101101000011100111011101000101011 ]
b100010111110111101101000011100111011101000101011 '
b100001010110101100001111110000001010101111110110 =
b11101000010001100111101100110001000111011101 <
b11 >
b101000 ?
b10001 @
b100111 A
b101100 B
b110001 C
b111 D
b11101 E
b1001 W
b111 V
b1011 U
b111 T
b110 S
b10 R
b1010 Q
b1111 P
b1111 F
b1010 G
b10 H
b110 I
b111 J
b1011 K
b111 L
b1001 M
b11111010001001100111101101111001 N
b1111010111111001011111010000110 X
b1111010111111001011111010000110 ;
b1111010111111001011111010000110 4
#628
0!
0#
#630
1!
1#
b1011011001111000010101111011 Y
b11011100000010000001100101111010 Z
b1110 q
b1110110101100101110110101000 h
b11111000101100110101011100 i
b11111000101100110101011100 _
b1110110101100101110110101000 ^
b1110 .
1m
b11011100000010000001100101111010 1
b1011011001111000010101111011 0
b1101110000001000000110010111101000001011011001111000010101111011 \
b1010111010100011011010001101011101000111001000110110001101001000 [
b1011011001111000010101111011 5
b11011100000010000001100101111010 6
1*
b1110110101100101110110101000 c
b11111000101100110101011100 d
b11101101011001011101101010000011111000101100110101011100 `
b111011100111100001100101111000000111001011111001 j
b11111000101100110101011100 b
b1110110101100101110110101000 a
b11011100000010000001100101111010 3
b1011011001111000010101111011 2
b1010111010100011011010001101011101000111001000110110001101001000 /
b1010111010100011011010001101011101000111001000110110001101001000 &
b11011111000000001010000000011110010101111110101 O
b111011100111100001100101111000000111001011111001 ]
b111011100111100001100101111000000111001011111001 '
b11011111000000001010000000011110010101111110101 =
b100000011111100000110101111011110101100100001100 <
b100000 >
b11111 ?
b100000 @
b110101 A
b111011 B
b110101 C
b100100 D
b1100 E
b1011 W
b1011 V
b1 U
b100 T
b101 S
b1101 R
b101 Q
b100 P
b100 F
b101 G
b1101 H
b101 I
b100 J
b1 K
b1011 L
b1011 M
b1000101110101010100000110111011 N
b10001110000001111111110100010001 X
b10001110000001111111110100010001 ;
b10001110000001111111110100010001 4
#632
0!
0#
#634
1!
1#
b11011100000010000001100101111010 Y
b10000101011000000111100001101010 Z
b111011010110010111011010100 h
b1111100010110011010101110 i
b1111 q
b1111 .
0m
1u
b1111100010110011010101110 _
b111011010110010111011010100 ^
b10000101011000000111100001101010 1
b11011100000010000001100101111010 0
b1000010101100000011110000110101011011100000010000001100101111010 \
b100100000000011110000001010111110001110000101111001011111000000 [
b11011100000010000001100101111010 5
b10000101011000000111100001101010 6
b111011010110010111011010100 c
b1111100010110011010101110 d
b1110110101100101110110101000001111100010110011010101110 `
1v
0*
1n
1m
b11100101110011110010001000011011010010011110101 j
b1111100010110011010101110 b
b111011010110010111011010100 a
b10000101011000000111100001101010 3
b11011100000010000001100101111010 2
b100100000000011110000001010111110001110000101111001011111000000 /
b100100000000011110000001010111110001110000101111001011111000000 &
b10000001010101100000000001111110000001101010101 O
b11100101110011110010001000011011010010011110101 ]
1*
1+
b11100101110011110010001000011011010010011110101 '
b10000001010101100000000001111110000001101010101 =
b1100100100110010010001001100101010011110100000 <
b1100 >
b100100 ?
b110010 @
b10001 A
b1100 B
b101010 C
b11110 D
b100000 E
b111 W
b1 V
b1000 U
b1011 T
b100 S
b1 R
b111 Q
b1011 P
b1011 F
b111 G
b1 H
b100 I
b1011 J
b1000 K
b1 L
b111 M
b10110111000101001011100000010111 N
b1110111100000100101101010110010 X
b1110111100000100101101010110010 ;
b1110111100000100101101010110010 4
#636
0!
0#
#638
1!
1#
b10000101011000000111100001101010 Y
b10101011100010100100001111001000 Z
0o
0k
b0 q
b11101101011001011101101010 h
b111110001011001101010111 i
b111110001011001101010111 _
b11101101011001011101101010 ^
b0 .
0l
0u
0(
1r
0,
b10101011100010100100001111001000 1
b10000101011000000111100001101010 0
b1010101110001010010000111100100010000101011000000111100001101010 \
b1100010001010110100000000101101100001000011010100010111111010001 [
b10000101011000000111100001101010 5
b10101011100010100100001111001000 6
1%
0)
1:
b11101101011001011101101010 c
b111110001011001101010111 d
b111011010110010111011010100000111110001011001101010111 `
b1100001111101111110110111000011100110001100 j
b111110001011001101010111 b
b11101101011001011101101010 a
b11101010001000000110100010110100 5
b11011001100001111101010111001011 6
0g
b11011001100001111101010111001011 3
b11101010001000000110100010110100 2
b1100010001010110100000000101101100001000011010100010111111010001 /
b1100010001010110100000000101101100001000011010100010111111010001 &
b111011110011110000001111111010101011111001010111 O
b1100001111101111110110111000011100110001100 ]
b1100001111101111110110111000011100110001100 '
b111011110011110000001111111010101011111001010111 =
b111010010010001101110001001101101000011111011011 <
b111010 >
b10010 ?
b1101 @
b110001 A
b1101 B
b101000 C
b11111 D
b11011 E
b1110 W
b110 V
b10 U
b1101 T
b1001 S
b110 R
b1010 P
b1010 F
b110 H
b1001 I
b1101 J
b10 K
b110 L
b1110 M
b10100111011010011101001001101110 N
b11101001101101110100011001110100 X
b11101001101101110100011001110100 ;
b11101001101101110100011001110100 4
#640
0!
0#
#642
1!
1#
b100110110100111111000111100 e
b1110110110100010100010011101 f
b10011001110001101011110110100101001110011011010000010001101110 7
b100110011100011010111101101001 8
b1001110011011010000010001101110 9
b1110110110100010100010011101 d
b100110110100111111000111100 c
b100110110100111111000111100 a
b1110110110100010100010011101 b
b1001110011011010000010001101110 6
b100110011100011010111101101001 5
b100110011100011010111101101001 2
b1001110011011010000010001101110 3
b1001011100001101011010100000001000001101011100 O
b1001011100001101011010100000001000001101011100 =
b1000111101110000100100010111001011101011010000 <
b1000 >
b111101 ?
b110000 @
b100100 A
b10111 B
b1011 C
b101011 D
b10000 E
b1010 W
b100 V
b1100 U
b1010 T
b1011 R
b1110 Q
b10 P
b10 F
b1110 G
b1011 H
b1010 J
b1100 K
b100 L
b1010 M
b101110101110011010110001001010 N
b11011101000110100000001111011100 X
b11011101000110100000001111011100 ;
b11011101000110100000001111011100 4
#644
0!
0#
#646
1!
1#
1k
1t
1(
0r
0%
#648
0!
0#
#650
1!
1#
0t
b1001101101001111110001111000 h
b1101101101000101000100111011 i
1p
b1 q
1s
b1 .
1l
1-
b1101101101000101000100111011 _
b1001101101001111110001111000 ^
b10011011010011111100011110001101101101000101000100111011 `
1)
0v
0m
1g
b110111001001100101110010010001101011100101010111 j
b110111001001100101110010010001101011100101010111 ]
b1001101101001111110001111000 c
b1101101101000101000100111011 d
0*
b1101101101000101000100111011 b
b1001101101001111110001111000 a
b110111001001100101110010010001101011100101010111 '
b111110010101101000101000110001100011101000001011 <
b111110 >
b10101 ?
b101000 @
b101000 A
b110001 B
b100011 C
b101000 D
b1011 E
b11 W
b1100 V
b11 U
b110 T
b1100 S
b1000 R
b1 Q
b0 P
b0 F
b1 G
b1000 H
b1100 I
b110 J
b11 K
b1100 L
b11 M
b1100011000110001111000011 N
b1101100111100111000001 X
b1101100111100111000001 ;
b1101100111100111000001 4
#652
0!
0#
#654
1!
1#
b1001110011011010000010001101110 Y
b100110010001111101011010101000 Z
b10 q
0s
b11011010011111100011110001 h
b1011011010001010001001110111 i
b1011011010001010001001110111 _
b11011010011111100011110001 ^
b10 .
0n
b100110010001111101011010101000 1
b1001110011011010000010001101110 0
b10011001000111110101101010100001001110011011010000010001101110 \
b11000011010110111111101010001100000100011000111011011000000101 [
0+
0:
b11011010011111100011110001 c
b1011011010001010001001110111 d
b110110100111111000111100011011011010001010001001110111 `
b110100111110101100110010111111001000000110001011 j
b1011011010001010001001110111 b
b11011010011111100011110001 a
b1001110011011010000010001101110 5
b100110010001111101011010101000 6
b11000011010110111111101010001100000100011000111011011000000101 /
b11000011010110111111101010001100000100011000111011011000000101 &
b100110010001111101011010101000 3
b1001110011011010000010001101110 2
b110100111110101100110010111111001000000110001011 ]
b110100111110101100110010111111001000000110001011 '
b100001100001000001111111010101101010101010000 O
b100001100001000001111111010101101010101010000 =
b110000110010100100111101000101100101010011011011 <
b110000 >
b110010 ?
b100100 @
b111101 A
b101 B
b100101 C
b10011 D
b11011 E
b1110 W
b11 V
b10 U
b10 T
b10 S
b100 R
b1000 Q
b1111 P
b1111 F
b1000 G
b100 H
b10 I
b10 J
b10 K
b11 L
b1110 M
b11111000010000100010001000111110 N
b1010111010111000011010100010 X
b1010111010111000011010100010 ;
b1010111010111000011010100010 4
#656
0!
0#
#658
1!
1#
b100110010001111101011010101000 Y
b1000100100001101000001011001100 Z
b1101101001111110001111000100 h
b1101101000101000100111011110 i
b11 q
b11 .
b1101101000101000100111011110 _
b1101101001111110001111000100 ^
b1000100100001101000001011001100 1
b100110010001111101011010101000 0
b100010010000110100000101100110000100110010001111101011010101000 \
b10000010111100111110010000001100001000100000100110100100011111 [
b100110010001111101011010101000 5
b1000100100001101000001011001100 6
b1101101001111110001111000100 c
b1101101000101000100111011110 d
b11011010011111100011110001001101101000101000100111011110 `
b101011001011011110010111110001100111011001001011 j
b1101101000101000100111011110 b
b1101101001111110001111000100 a
b1000100100001101000001011001100 3
b100110010001111101011010101000 2
b10000010111100111110010000001100001000100000100110100100011111 /
b10000010111100111110010000001100001000100000100110100100011111 &
b1000001001010000001101010000000101011001011000 O
b101011001011011110010111110001100111011001001011 ]
b101011001011011110010111110001100111011001001011 '
b1000001001010000001101010000000101011001011000 =
b100011000010001110011010100001100010000000010011 <
b100011 >
b10 ?
b1110 @
b11010 A
b100001 B
b100010 C
b0 D
b10011 E
b101 W
b100 V
b1110 U
b1011 T
b1100 S
b101 R
b1 Q
b1100 P
b1100 F
b1 G
b101 H
b1100 I
b1011 J
b1110 K
b100 L
b101 M
b11000001010111001011111001000101 N
b110101101100011101100011101000 X
b110101101100011101100011101000 ;
b110101101100011101100011101000 4
#660
0!
0#
#662
1!
1#
b1000100100001101000001011001100 Y
b10011111101100000111001000000 Z
b100 q
b110100111111000111100010011 h
b110100010100010011101111011 i
b110100010100010011101111011 _
b110100111111000111100010011 ^
b100 .
b10011111101100000111001000000 1
b1000100100001101000001011001100 0
b1001111110110000011100100000001000100100001101000001011001100 \
b100000001111100101101100000011001010000000100001001001100111010 [
b1000100100001101000001011001100 5
b10011111101100000111001000000 6
b110100111111000111100010011 c
b110100010100010011101111011 d
b1101001111110001111000100110110100010100010011101111011 `
b11101110001011001001111011111101011001101101000 j
b110100010100010011101111011 b
b110100111111000111100010011 a
b10011111101100000111001000000 3
b1000100100001101000001011001100 2
b100000001111100101101100000011001010000000100001001001100111010 /
b100000001111100101101100000011001010000000100001001001100111010 &
b10100111111110101100000001011100001000000000 O
b11101110001011001001111011111101011001101101000 ]
b11101110001011001001111011111101011001101101000 '
b10100111111110101100000001011100001000000000 =
b11111010110100111100011011110110111000101101000 <
b11111 >
b10110 ?
b100111 @
b100011 A
b11110 B
b110111 C
b101 D
b101000 E
b1001 W
b1011 V
b111 U
b1001 T
b1111 S
b0 R
b1101 Q
b1000 P
b1000 F
b1101 G
b0 H
b1111 I
b1001 J
b111 K
b1011 L
b1001 M
b10001101000011111001011110111001 N
b10101011111010000111110001011001 X
b10101011111010000111110001011001 ;
b10101011111010000111110001011001 4
#664
0!
0#
#666
1!
1#
b10011111101100000111001000000 Y
b11101111011011101111111010010101 Z
b1010011111100011110001001101 h
b1010001010001001110111101101 i
b101 q
b101 .
b1010001010001001110111101101 _
b1010011111100011110001001101 ^
b11101111011011101111111010010101 1
b10011111101100000111001000000 0
b1110111101101110111111101001010100010011111101100000111001000000 \
b1100000111111100011111010101110010100101011101000111011001100101 [
b10011111101100000111001000000 5
b11101111011011101111111010010101 6
b1010011111100011110001001101 c
b1010001010001001110111101101 d
b10100111111000111100010011011010001010001001110111101101 `
b11010111101000011110000101100001101110101101010 j
b1010001010001001110111101101 b
b1010011111100011110001001101 a
b11101111011011101111111010010101 3
b10011111101100000111001000000 2
b1100000111111100011111010101110010100101011101000111011001100101 /
b1100000111111100011111010101110010100101011101000111011001100101 &
b111101011110101101011101011111111101010010101011 O
b11010111101000011110000101100001101110101101010 ]
b11010111101000011110000101100001101110101101010 '
b111101011110101101011101011111111101010010101011 =
b100111100011101110101101110011110000100111000001 <
b100111 >
b100011 ?
b101110 @
b101101 A
b110011 B
b110000 C
b100111 D
b1 E
b1 W
b1000 V
b1111 T
b1101 S
b1000 Q
b10 P
b10 F
b1000 G
b1101 I
b1111 J
b1000 L
b1 M
b101000000011011111011110000001 N
b10100001001011000011101011001001 X
b10100001001011000011101011001001 ;
b10100001001011000011101011001001 4
#668
0!
0#
#670
1!
1#
b11101111011011101111111010010101 Y
b10110010110110100011010010001001 Z
b110 q
b1001111110001111000100110110 h
b1000101000100111011110110110 i
b1000101000100111011110110110 _
b1001111110001111000100110110 ^
b110 .
b10110010110110100011010010001001 1
b11101111011011101111111010010101 0
b1011001011011010001101001000100111101111011011101111111010010101 \
b1000001111111000101011101011100101011110111011001011100011011011 [
b11101111011011101111111010010101 5
b10110010110110100011010010001001 6
b1001111110001111000100110110 c
b1000101000100111011110110110 d
b10011111100011110001001101101000101000100111011110110110 `
b100111001100100111111110010011001011111000110010 j
b1000101000100111011110110110 b
b1001111110001111000100110110 a
b10110010110110100011010010001001 3
b11101111011011101111111010010101 2
b1000001111111000101011101011100101011110111011001011100011011011 /
b1000001111111000101011101011100101011110111011001011100011011011 &
b110110100101011011110100000110101001010001010011 O
b100111001100100111111110010011001011111000110010 ]
b100111001100100111111110010011001011111000110010 '
b110110100101011011110100000110101001010001010011 =
b10001101001111100001010010101100010101001100001 <
b10001 >
b101001 ?
b111100 @
b1010 A
b10101 B
b100010 C
b101001 D
b100001 E
b10 W
b1 V
b1110 U
b110 S
b1110 R
b11 Q
b1010 P
b1010 F
b11 G
b1110 H
b110 I
b1110 K
b1 L
b10 M
b10100011111001101111111000010010 N
b1110011111001110101001110001100 X
b1110011111001110101001110001100 ;
b1110011111001110101001110001100 4
#672
0!
0#
#674
1!
1#
b10110010110110100011010010001001 Y
b10011100100010011010110100011001 Z
b111111000111100010011011010 h
b10100010011101111011011010 i
b111 q
b111 .
1m
b10100010011101111011011010 _
b111111000111100010011011010 ^
b10011100100010011010110100011001 1
b10110010110110100011010010001001 0
b1001110010001001101011010001100110110010110110100011010010001001 \
b1011110100000010011000111011111101001100011000010000011110110 [
b10110010110110100011010010001001 5
b10011100100010011010110100011001 6
b111111000111100010011011010 c
b10100010011101111011011010 d
b1111110001111000100110110100010100010011101111011011010 `
1*
b101101100110001100011011111111010110110001111000 j
b10100010011101111011011010 b
b111111000111100010011011010 a
b10011100100010011010110100011001 3
b10110010110110100011010010001001 2
b1011110100000010011000111011111101001100011000010000011110110 /
b1011110100000010011000111011111101001100011000010000011110110 &
b110011111001010001010011110101011010100011110011 O
b101101100110001100011011111111010110110001111000 ]
b101101100110001100011011111111010110110001111000 '
b110011111001010001010011110101011010100011110011 =
b11110011111011101001000001010001100010010001011 <
b11110 >
b11111 ?
b11101 @
b1000 A
b1010 B
b1100 C
b10010 D
b1011 E
b11 W
b1100 V
b110 U
b1010 T
b0 S
b1111 R
b101 Q
b111 P
b111 F
b101 G
b1111 H
b0 I
b1010 J
b110 K
b1100 L
b11 M
b1110101111100001010011011000011 N
b101001100111100101110011111 X
b101001100111100101110011111 ;
b101001100111100101110011111 4
#676
0!
0#
#678
1!
1#
b10011100100010011010110100011001 Y
b10110111111010011111111100010110 Z
b1000 q
b1111100011110001001101101001 h
b1010001001110111101101101000 i
b1010001001110111101101101000 _
b1111100011110001001101101001 ^
b1000 .
1n
0m
b10110111111010011111111100010110 1
b10011100100010011010110100011001 0
b1011011111101001111111110001011010011100100010011010110100011001 \
b111111001000101110011011011111011000111010111000001010011111100 [
b10011100100010011010110100011001 5
b10110111111010011111111100010110 6
0*
1+
b1111100011110001001101101001 c
b1010001001110111101101101000 d
b11111000111100010011011010011010001001110111101101101000 `
b1011110001111100100101001010011101101001011010 j
b1010001001110111101101101000 b
b1111100011110001001101101001 a
b10110111111010011111111100010110 3
b10011100100010011010110100011001 2
b111111001000101110011011011111011000111010111000001010011111100 /
b111111001000101110011011011111011000111010111000001010011111100 &
b10110101111111101010011111111111110100010101101 O
b1011110001111100100101001010011101101001011010 ]
b1011110001111100100101001010011101101001011010 '
b10110101111111101010011111111111110100010101101 =
b11101011110000001110110110101100011001011110111 <
b11101 >
b11110 ?
b1 @
b110110 A
b110101 B
b100011 C
b1011 D
b110111 E
b0 W
b1001 V
b11 U
b0 T
b1110 S
b1101 R
b1010 Q
b11 P
b11 F
b1010 G
b1101 H
b1110 I
b0 J
b11 K
b1001 L
b0 M
b111010110111100000001110010000 N
b1000110011010010011001101000011 X
b1000110011010010011001101000011 ;
b1000110011010010011001101000011 4
#680
0!
0#
#682
1!
1#
b10110111111010011111111100010110 Y
b11011010111000001001111001011010 Z
b1111000111100010011011010011 h
b100010011101111011011010001 i
b1001 q
b1001 .
0n
b100010011101111011011010001 _
b1111000111100010011011010011 ^
b11011010111000001001111001011010 1
b10110111111010011111111100010110 0
b1101101011100000100111100101101010110111111010011111111100010110 \
b1010100011001111100011100110110111001111101110000111100111111100 [
b10110111111010011111111100010110 5
b11011010111000001001111001011010 6
b1111000111100010011011010011 c
b100010011101111011011010001 d
b11110001111000100110110100110100010011101111011011010001 `
0+
b1110111011010101001001110110100000111110111000 j
b100010011101111011011010001 b
b1111000111100010011011010011 a
b11011010111000001001111001011010 3
b10110111111010011111111100010110 2
b1010100011001111100011100110110111001111101110000111100111111100 /
b1010100011001111100011100110110111001111101110000111100111111100 &
b11011110101011100000001010011111100001011110101 O
b1110111011010101001001110110100000111110111000 ]
b1110111011010101001001110110100000111110111000 '
b11011110101011100000001010011111100001011110101 =
b10101001110001001001000100101011100110101001101 <
b10101 >
b1110 ?
b1001 @
b1000 A
b100101 B
b11100 C
b110101 D
b1101 E
b111 W
b0 V
b101 U
b1100 T
b0 S
b11 R
b100 Q
b1100 P
b1100 F
b100 G
b11 H
b0 I
b1100 J
b101 K
b0 L
b111 M
b11000100001100001100010100000111 N
b101100001101010100000111100 X
b101100001101010100000111100 ;
b101100001101010100000111100 4
#684
0!
0#
#686
1!
1#
b11011010111000001001111001011010 Y
b10110010011011110101011100101010 Z
b1010 q
b1100011110001001101101001111 h
b1001110111101101101000101 i
b1001110111101101101000101 _
b1100011110001001101101001111 ^
b1010 .
b10110010011011110101011100101010 1
b11011010111000001001111001011010 0
b1011001001101111010101110010101011011010111000001001111001011010 \
b1010011011111000111001001101111001110011100011011011011101000 [
b11011010111000001001111001011010 5
b10110010011011110101011100101010 6
b1100011110001001101101001111 c
b1001110111101101101000101 d
b11000111100010011011010011110001001110111101101101000101 `
b10010010100010011111111100110010101101100011101 j
b1001110111101101101000101 b
b1100011110001001101101001111 a
b10110010011011110101011100101010 3
b11011010111000001001111001011010 2
b1010011011111000111001001101111001110011100011011011011101000 /
b1010011011111000111001001101111001110011100011011011011101000 &
b10110100100001101011110101010101110100101010101 O
b10010010100010011111111100110010101101100011101 ]
b10010010100010011111111100110010101101100011101 '
b10110100100001101011110101010101110100101010101 =
b100110000011110100001001100111011001001001000 <
b100 >
b110000 ?
b11110 @
b100001 A
b1100 B
b111011 C
b1001 D
b1000 E
b110 W
b100 V
b0 U
b1011 T
b11 S
b1000 R
b101 Q
b1101 P
b1101 F
b101 G
b1000 H
b11 I
b1011 J
b0 K
b100 L
b110 M
b11010101100000111011000001000110 N
b10100001110100101100000110110010 X
b10100001110100101100000110110010 ;
b10100001110100101100000110110010 4
#688
0!
0#
#690
1!
1#
b10110010011011110101011100101010 Y
b1111011001100100101111111101000 Z
b1111000100110110100111111 h
b100111011110110110100010100 i
b1011 q
b1011 .
b100111011110110110100010100 _
b1111000100110110100111111 ^
b1111011001100100101111111101000 1
b10110010011011110101011100101010 0
b111101100110010010111111110100010110010011011110101011100101010 \
b110110011111110001011000110011111011100111100110110110110000001 [
b10110010011011110101011100101010 5
b1111011001100100101111111101000 6
b1111000100110110100111111 c
b100111011110110110100010100 d
b11110001001101101001111110100111011110110110100010100 `
b111101011100100110011100010100110111001010110000 j
b100111011110110110100010100 b
b1111000100110110100111111 a
b1111011001100100101111111101000 3
b10110010011011110101011100101010 2
b110110011111110001011000110011111011100111100110110110110000001 /
b110110011111110001011000110011111011100111100110110110110000001 &
b1111110110100110100100001011111111111101010000 O
b111101011100100110011100010100110111001010110000 ]
b111101011100100110011100010100110111001010110000 '
b1111110110100110100100001011111111111101010000 =
b110010101010000000111000011111001000110111100000 <
b110010 >
b101010 ?
b0 @
b111000 A
b11111 B
b1000 C
b110111 D
b100000 E
b111 W
b1111 V
b1001 U
b110 T
b101 S
b1010 R
b100 Q
b1100 P
b1100 F
b100 G
b1010 H
b101 I
b110 J
b1001 K
b1111 L
b111 M
b11000100101001010110100111110111 N
b10010010100101101011110110110101 X
b10010010100101101011110110110101 ;
b10010010100101101011110110110101 4
#692
0!
0#
#694
1!
1#
b1111011001100100101111111101000 Y
b100000111110011110101010011111 Z
b1100 q
b111100010011011010011111100 h
b11101111011011010001010001 i
b11101111011011010001010001 _
b111100010011011010011111100 ^
b1100 .
b100000111110011110101010011111 1
b1111011001100100101111111101000 0
b10000011111001111010101001111101111011001100100101111111101000 \
b1001100110101101000010011001111110111001111101101001111000010111 [
b1111011001100100101111111101000 5
b100000111110011110101010011111 6
b111100010011011010011111100 c
b11101111011011010001010001 d
b1111000100110110100111111000011101111011011010001010001 `
b101101010101110100011111100010010100100101101 j
b11101111011011010001010001 b
b111100010011011010011111100 a
b100000111110011110101010011111 3
b1111011001100100101111111101000 2
b1001100110101101000010011001111110111001111101101001111000010111 /
b1001100110101101000010011001111110111001111101101001111000010111 &
b100100000001011111110011111101010101010011111110 O
b101101010101110100011111100010010100100101101 ]
b101101010101110100011111100010010100100101101 '
b100100000001011111110011111101010101010011111110 =
b100001101011110001010000000001000111110111010011 <
b100001 >
b101011 ?
b110001 @
b10000 A
b1 B
b111 C
b10011 E
b101 W
b10 U
b1110 T
b1 S
b100 R
b1111 Q
b1111 P
b1111 F
b1111 G
b100 H
b1 I
b1110 J
b10 K
b101 M
b11111111010000011110001011110101 N
b11000011101111011100111010110011 X
b11000011101111011100111010110011 ;
b11000011101111011100111010110011 4
#696
0!
0#
#698
1!
1#
b100000111110011110101010011111 Y
b10111000100011111001000101011011 Z
b1110001001101101001111110001 h
b1110111101101101000101000100 i
b1101 q
b1101 .
b1110111101101101000101000100 _
b1110001001101101001111110001 ^
b10111000100011111001000101011011 1
b100000111110011110101010011111 0
b1011100010001111100100010101101100100000111110011110101010011111 \
b11011100011011000100100111101101100111111010000010100101111110 [
b100000111110011110101010011111 5
b10111000100011111001000101011011 6
b1110001001101101001111110001 c
b1110111101101101000101000100 d
b11100010011011010011111100011110111101101101000101000100 `
b101110110011110000110111101000100011101010011110 j
b1110111101101101000101000100 b
b1110001001101101001111110001 a
b10111000100011111001000101011011 3
b100000111110011110101010011111 2
b11011100011011000100100111101101100111111010000010100101111110 /
b11011100011011000100100111101101100111111010000010100101111110 &
b110111110001010001011111110010100010101011110111 O
b101110110011110000110111101000100011101010011110 ]
b101110110011110000110111101000100011101010011110 '
b110111110001010001011111110010100010101011110111 =
b11001000010100001101000011010000001000001101001 <
b11001 >
b10 ?
b100001 @
b101000 A
b11010 B
b1 C
b1 D
b101001 E
b100 W
b1101 V
b1010 U
b0 T
b1100 S
b1 R
b1 Q
b1001 P
b1001 F
b1 G
b1 H
b1100 I
b0 J
b1010 K
b1101 L
b100 M
b10010001000111000000101011010100 N
b10110101100000101000001100011 X
b10110101100000101000001100011 ;
b10110101100000101000001100011 4
#700
0!
0#
#702
1!
1#
b10111000100011111001000101011011 Y
b110110010010011011101011111100 Z
b1110 q
b1000100110110100111111000111 h
b1011110110110100010100010011 i
b1011110110110100010100010011 _
b1000100110110100111111000111 ^
b1110 .
1m
b110110010010011011101011111100 1
b10111000100011111001000101011011 0
b11011001001001101110101111110010111000100011111001000101011011 \
b11101001100110011000011011011111001111110001010001001110101101 [
b10111000100011111001000101011011 5
b110110010010011011101011111100 6
1*
b1000100110110100111111000111 c
b1011110110110100010100010011 d
b10001001101101001111110001111011110110110100010100010011 `
b111011010010011011001100011101010011001110110111 j
b1011110110110100010100010011 b
b1000100110110100111111000111 a
b110110010010011011101011111100 3
b10111000100011111001000101011011 2
b11101001100110011000011011011111001111110001010001001110101101 /
b11101001100110011000011011011111001111110001010001001110101101 &
b110101100001001010011110111110101011111111000 O
b111011010010011011001100011101010011001110110111 ]
b111011010010011011001100011101010011001110110111 '
b110101100001001010011110111110101011111111000 =
b111101111110010010011111101010100110010001001111 <
b111101 >
b111110 ?
b10010 @
b11111 A
b101010 B
b100110 C
b10001 D
b1111 E
b1110 V
b101 U
b1101 T
b1001 S
b1101 R
b1111 Q
b110 P
b110 F
b1111 G
b1101 H
b1001 I
b1101 J
b101 K
b1110 L
b1101111110110011101010111100100 N
b11100101000111011110011101111001 X
b11100101000111011110011101111001 ;
b11100101000111011110011101111001 4
#704
0!
0#
#706
1!
1#
b110110010010011011101011111100 Y
b1011101100100100111011000100010 Z
b10011011010011111100011110 h
b1111011011010001010001001110 i
b1111 q
b1111 .
0m
1u
b1111011011010001010001001110 _
b10011011010011111100011110 ^
b1011101100100100111011000100010 1
b110110010010011011101011111100 0
b101110110010010011101100010001000110110010010011011101011111100 \
b110000010011101110001100110101011011110100011110110011000011010 [
b110110010010011011101011111100 5
b1011101100100100111011000100010 6
b10011011010011111100011110 c
b1111011011010001010001001110 d
b100110110100111111000111101111011011010001010001001110 `
1v
0*
1n
1m
b10100101101011010111100001101110000100011101011 j
b1111011011010001010001001110 b
b10011011010011111100011110 a
b1011101100100100111011000100010 3
b110110010010011011101011111100 2
b110000010011101110001100110101011011110100011110110011000011010 /
b110000010011101110001100110101011011110100011110110011000011010 &
b1011111011110010100100001110101100000100000100 O
b10100101101011010111100001101110000100011101011 ]
1*
1+
b10100101101011010111100001101110000100011101011 '
b1011111011110010100100001110101100000100000100 =
b11111010110101000011000000011011100100111101111 <
b11111 >
b10110 ?
b101000 @
b11000 A
b11 B
b11100 C
b100111 D
b101111 E
b1101 W
b1000 V
b1011 T
b1011 S
b1000 R
b1101 Q
b1000 P
b1000 F
b1101 G
b1000 H
b1011 I
b1011 J
b1000 L
b1101 M
b10001101100010111011010110001101 N
b10101001110010000110100111111001 X
b10101001110010000110100111111001 ;
b10101001110010000110100111111001 4
#708
0!
0#
#710
1!
1#
b1011101100100100111011000100010 Y
b10011111100000011101001100000101 Z
0k
b0 q
b100110110100111111000111100 h
b1110110110100010100010011101 i
b1110110110100010100010011101 _
b100110110100111111000111100 ^
b0 .
0l
0u
0(
b10011111100000011101001100000101 1
b1011101100100100111011000100010 0
b1001111110000001110100110000010101011101100100100111011000100010 \
b1101010101101110110010011100000011101100000010101000110001110100 [
b1011101100100100111011000100010 5
b10011111100000011101001100000101 6
0)
b100110110100111111000111100 c
b1110110110100010100010011101 d
b1001101101001111110001111001110110110100010100010011101 `
b111101001100110011100001011100100110011111000110 j
b1110110110100010100010011101 b
b100110110100111111000111100 a
0g
b10011111100000011101001100000101 3
b1011101100100100111011000100010 2
b1101010101101110110010011100000011101100000010101000110001110100 /
b1101010101101110110010011100000011101100000010101000110001110100 &
b110011111111110000000011111010100110100000001011 O
b111101001100110011100001011100100110011111000110 ]
b111101001100110011100001011100100110011111000110 '
b110011111111110000000011111010100110100000001011 =
b1110110011000011100010100110000000111111001101 <
b1110 >
b110011 ?
b11 @
b100010 A
b100110 B
b0 C
b111111 D
b1101 E
b111 W
b1100 V
b1100 U
b110 S
b111 R
b110 Q
b110 G
b111 H
b110 I
b1100 K
b1100 L
b111 M
b10000110011101101011110011000111 N
b1110101110100110001100010111101 X
b1110101110100110001100010111101 ;
b1110101110100110001100010111101 4
#712
0!
0#
#714
1!
1#
b10011111100000011101001100000101 Y
b101000010000010110111010011111 Z
0p
0-
1r
b101000010000010110111010011111 1
b10011111100000011101001100000101 0
b10100001000001011011101001111110011111100000011101001100000101 \
b1011101110001101100001111100010110001001010001000001110010101001 [
b10011111100000011101001100000101 5
b101000010000010110111010011111 6
1%
1:
b100110011100011010111101101001 5
b1001110011011010000010001101110 6
b1001110011011010000010001101110 3
b100110011100011010111101101001 2
b1011101110001101100001111100010110001001010001000001110010101001 /
b1011101110001101100001111100010110001001010001000001110010101001 &
b1001011100001101011010100000001000001101011100 O
b1001011100001101011010100000001000001101011100 =
b110100010000111110111011111100101110010010011010 <
b110100 >
b10000 ?
b111110 @
b111011 A
b111100 B
b101110 C
b10010 D
b11010 E
b0 W
b11 U
b0 T
b111 S
b1001 Q
b1001 P
b1001 F
b1001 G
b111 I
b0 J
b11 K
b0 M
b10011001011101110000001111000000 N
b10000100111110010111000000000111 X
b10000100111110010111000000000111 ;
b10000100111110010111000000000111 4
#716
0!
0#
#718
1!
1#
b1000000001110011101100010110 e
b101110001101101000101101001 f
b110100000110000000100001010111010001110111101100110111000001 7
b1101000001100000001000010101 8
b11010001110111101100110111000001 9
b101110001101101000101101001 d
b1000000001110011101100010110 c
b1000000001110011101100010110 a
b101110001101101000101101001 b
b11010001110111101100110111000001 6
b1101000001100000001000010101 5
b1101000001100000001000010101 2
b11010001110111101100110111000001 3
b111010100011111011111101011001011011111000000011 O
b111010100011111011111101011001011011111000000011 =
b111101111001000011100000101111101100111000101 <
b111 >
b101111 ?
b1000 @
b11100 A
b101 B
b111101 C
b100111 D
b101 E
b1101 W
b1000 V
b1000 U
b10 T
b100 S
b110 R
b10 Q
b100 P
b100 F
b10 G
b110 H
b100 I
b10 J
b1000 K
b1000 L
b1101 M
b1000010011001000010100010001101 N
b1011000000000011001100010100101 X
b1011000000000011001100010100101 ;
b1011000000000011001100010100101 4
#720
0!
0#
#722
1!
1#
1k
1(
0r
0%
#724
0!
0#
#726
1!
1#
b11100111011000101101 h
b1011100011011010001011010010 i
b1 q
1s
b1 .
1l
b1011100011011010001011010010 _
b11100111011000101101 ^
b111001110110001011011011100011011010001011010010 `
1)
0v
0:
b10011111100000011101001100000101 5
b101000010000010110111010011111 6
0m
1g
b101000011001110010100000111111010010010000001011 j
b101000011001110010100000111111010010010000001011 ]
b11100111011000101101 c
b1011100011011010001011010010 d
0*
b101000010000010110111010011111 3
b10011111100000011101001100000101 2
b100101010000001000000010101101011101010011111110 O
b1011100011011010001011010010 b
b11100111011000101101 a
b101000011001110010100000111111010010010000001011 '
b10010111010001001011101100110001001101000001000 <
b100101010000001000000010101101011101010011111110 =
b1101001001111010100010010010001111000011110101 <
b1101 >
b1001 ?
b111010 @
b100010 A
b10010 B
b1111 C
b11 D
b110101 E
b1001 W
b0 V
b101 U
b101 T
b110 S
b1010 R
b1111 Q
b1101 P
b1101 F
b1111 G
b1010 H
b110 I
b101 J
b101 K
b0 L
b1001 M
b11011111101001100101010100001001 N
b1101000110011001111100100011110 X
b1101000110011001111100100011110 ;
b1101000110011001111100100011110 4
#728
0!
0#
#730
1!
1#
b10 q
b111001110110001011010 h
b111000110110100010110100101 i
b111000110110100010110100101 _
b111001110110001011010 ^
b10 .
0n
0+
b111001110110001011010 c
b111000110110100010110100101 d
b1110011101100010110100111000110110100010110100101 `
b110100001001000001001010001100111001011100110101 j
b111000110110100010110100101 b
b111001110110001011010 a
b110100001001000001001010001100111001011100110101 ]
b110100001001000001001010001100111001011100110101 '
b10001011001001001001000100001100100001111001011 <
b10001 >
b11001 ?
b1001 @
b1000 A
b100001 B
b100100 C
b1111 D
b1011 E
b11 W
b1010 V
b1111 U
b1011 T
b0 S
b11 R
b110 Q
b1010 P
b1010 F
b110 G
b11 H
b0 I
b1011 J
b1111 K
b1010 L
b11 M
b10100110001100001011111110100011 N
b1110101101000100010111010011101 X
b1110101101000100010111010011101 ;
b1110101101000100010111010011101 4
#732
0!
0#
#734
1!
1#
b11100111011000101101000 h
b1100011011010001011010010101 i
b11 q
b11 .
b1100011011010001011010010101 _
b11100111011000101101000 ^
b11100111011000101101000 c
b1100011011010001011010010101 d
b111001110110001011010001100011011010001011010010101 `
b1000001100101001110110010110110000110110100010 j
b1100011011010001011010010101 b
b11100111011000101101000 a
b1000001100101001110110010110110000110110100010 ]
b1000001100101001110110010110110000110110100010 '
b101101011100100001110100111011101101100101011100 <
b101101 >
b11100 ?
b100001 @
b110100 A
b111011 B
b101101 C
b100101 D
b11100 E
b1100 W
b1101 V
b100 T
b11 S
b1 R
b101 Q
b1 P
b1 F
b101 G
b1 H
b11 I
b100 J
b1101 L
b1100 M
b10101000100110100111111011100 N
b10011110011101000110000000111011 X
b10011110011101000110000000111011 ;
b10011110011101000110000000111011 4
#736
0!
0#
#738
1!
1#
b100 q
b1110011101100010110100000 h
b1101101000101101001010111 i
b1101101000101101001010111 _
b1110011101100010110100000 ^
b100 .
b1110011101100010110100000 c
b1101101000101101001010111 d
b11100111011000101101000000001101101000101101001010111 `
b101001000111100100000110010011000110100100011101 j
b1101101000101101001010111 b
b1110011101100010110100000 a
b101001000111100100000110010011000110100100011101 ]
b101001000111100100000110010011000110100100011101 '
b1100010111101100000100111110011011110111100011 <
b1100 >
b10111 ?
b101100 @
b100 A
b111110 B
b11011 C
b110111 D
b100011 E
b1 W
b1111 V
b1011 U
b1110 T
b1110 S
b11 R
b1010 Q
b1011 P
b1011 F
b1010 G
b11 H
b1110 I
b1110 J
b1011 K
b1111 L
b1 M
b10111010001111101110101111110001 N
b1010111111111000011111011000111 X
b1010111111111000011111011000111 ;
b1010111111111000011111011000111 4
#740
0!
0#
#742
1!
1#
b111001110110001011010000000 h
b110110100010110100101011100 i
b101 q
b101 .
b110110100010110100101011100 _
b111001110110001011010000000 ^
b111001110110001011010000000 c
b110110100010110100101011100 d
b1110011101100010110100000000110110100010110100101011100 `
b1000100010011101110001011000110111000011011100 j
b110110100010110100101011100 b
b111001110110001011010000000 a
b1000100010011101110001011000110111000011011100 ]
b1000100010011101110001011000110111000011011100 '
b101101110010010101110011110101101010010000100010 <
b101101 >
b110010 ?
b10101 @
b110011 A
b110101 B
b101010 C
b10000 D
b100010 E
b1011 W
b11 V
b1000 U
b0 T
b100 S
b101 R
b1000 Q
b1 P
b1 F
b1000 G
b101 H
b100 I
b0 J
b1000 K
b11 L
b1011 M
b11000010101000000100000111011 N
b11110000010110001110000000010 X
b11110000010110001110000000010 ;
b11110000010110001110000000010 4
#744
0!
0#
#746
1!
1#
b110 q
b1100111011000101101000000001 h
b1011010001011010010101110001 i
b1011010001011010010101110001 _
b1100111011000101101000000001 ^
b110 .
b1100111011000101101000000001 c
b1011010001011010010101110001 d
b11001110110001011010000000011011010001011010010101110001 `
b110011010101010000110001111000011001000110101011 j
b1011010001011010010101110001 b
b1100111011000101101000000001 a
b110011010101010000110001111000011001000110101011 ]
b110011010101010000110001111000011001000110101011 '
b10110000101011000110011010101000100010101010101 <
b10110 >
b101 ?
b11000 @
b10101 B
b100 C
b10101 D
b10101 E
b110 W
b101 V
b1010 U
b1111 T
b1011 R
b100 Q
b1100 P
b1100 F
b100 G
b1011 H
b1111 J
b1010 K
b101 L
b110 M
b11000100101101001111101001010110 N
b110111101101101001000110110100 X
b110111101101101001000110110100 ;
b110111101101101001000110110100 4
#748
0!
0#
#750
1!
1#
b11101100010110100000000111 h
b1101000101101001010111000110 i
b111 q
b111 .
1m
b1101000101101001010111000110 _
b11101100010110100000000111 ^
b11101100010110100000000111 c
b1101000101101001010111000110 d
b111011000101101000000001111101000101101001010111000110 `
1*
b110001111000001111011000100001100001111000101111 j
b1101000101101001010111000110 b
b11101100010110100000000111 a
b110001111000001111011000100001100001111000101111 ]
b110001111000001111011000100001100001111000101111 '
b10100101000000111011010001100111100101011010001 <
b10100 >
b101000 ?
b111 @
b11010 A
b1100 B
b111100 C
b101011 D
b10001 E
b1100 W
b100 V
b1011 U
b1011 T
b1100 S
b1001 R
b1010 Q
b110 P
b110 F
b1010 G
b1001 H
b1100 I
b1011 J
b1011 K
b100 L
b1100 M
b1101010100111001011101101001100 N
b1111101001110001011001111100000 X
b1111101001110001011001111100000 ;
b1111101001110001011001111100000 4
#752
0!
0#
#754
1!
1#
b1000 q
b1110110001011010000000011100 h
b100010110100101011100011011 i
b100010110100101011100011011 _
b1110110001011010000000011100 ^
b1000 .
1n
0m
0*
1+
b1110110001011010000000011100 c
b100010110100101011100011011 d
b11101100010110100000000111000100010110100101011100011011 `
b111101101001010000011010111100001101111110100 j
b100010110100101011100011011 b
b1110110001011010000000011100 a
b111101101001010000011010111100001101111110100 ]
b111101101001010000011010111100001101111110100 '
b100010111101000010000001111010111100111100001010 <
b100010 >
b111101 ?
b10 @
b1 A
b111010 B
b111100 D
b1010 E
b1111 W
b1001 V
b11 T
b1101 S
b0 R
b1110 Q
b1 P
b1 F
b1110 G
b0 H
b1101 I
b11 J
b1001 L
b1111 M
b11110000011010011101110011111 N
b11111010001010100011100011110011 X
b11111010001010100011100011110011 ;
b11111010001010100011100011110011 4
#756
0!
0#
#758
1!
1#
b1101100010110100000000111001 h
b1000101101001010111000110110 i
b1001 q
b1001 .
0n
b1000101101001010111000110110 _
b1101100010110100000000111001 ^
b1101100010110100000000111001 c
b1000101101001010111000110110 d
b11011000101101000000001110011000101101001010111000110110 `
0+
b101111010000101100000001110011001110000000100110 j
b1000101101001010111000110110 b
b1101100010110100000000111001 a
b101111010000101100000001110011001110000000100110 ]
b101111010000101100000001110011001110000000100110 '
b1010000000100100000011011110010011010011011000 <
b1010 >
b0 ?
b100100 @
b11 A
b11110 B
b10011 C
b10011 D
b11000 E
b101 W
b11 V
b1 U
b1001 T
b1000 S
b100 R
b1111 Q
b1111 P
b1111 F
b1111 G
b100 H
b1000 I
b1001 J
b1 K
b11 L
b101 M
b11111111010010001001000100110101 N
b1100011100010011110111001110010 X
b1100011100010011110111001110010 ;
b1100011100010011110111001110010 4
#760
0!
0#
#762
1!
1#
b1010 q
b110001011010000000011100111 h
b10110100101011100011011010 i
b10110100101011100011011010 _
b110001011010000000011100111 ^
b1010 .
b110001011010000000011100111 c
b10110100101011100011011010 d
b1100010110100000000111001110010110100101011100011011010 `
b110011101010011001111001000110111011001100 j
b10110100101011100011011010 b
b110001011010000000011100111 a
b110011101010011001111001000110111011001100 ]
b110011101010011001111001000110111011001100 '
b100101100011100010011011010100011011101000110010 <
b100101 >
b100011 ?
b100010 @
b11011 A
b10100 B
b11011 C
b101000 D
b110010 E
b110 W
b1100 V
b1011 U
b11 T
b1010 S
b110 R
b1000 Q
b1000 P
b1000 F
b1000 G
b110 H
b1010 I
b11 J
b1011 K
b1100 L
b110 M
b10001000011010100011101111000110 N
b110000111110110010000011100101 X
b110000111110110010000011100101 ;
b110000111110110010000011100101 4
#764
0!
0#
#766
1!
1#
b1000101101000000001110011101 h
b1011010010101110001101101000 i
b1011 q
b1011 .
b1011010010101110001101101000 _
b1000101101000000001110011101 ^
b1000101101000000001110011101 c
b1011010010101110001101101000 d
b10001011010000000011100111011011010010101110001101101000 `
b111010011010011010100101110001001001011011011 j
b1011010010101110001101101000 b
b1000101101000000001110011101 a
b111010011010011010100101110001001001011011011 ]
b111010011010011010100101110001001001011011011 '
b100010000011011011010110000011010100011000100101 <
b100010 >
b11 ?
b11011 @
b10110 A
b11 B
b10100 C
b11000 D
b100101 E
b1110 W
b101 V
b11 U
b1011 T
b101 S
b1011 R
b1101 Q
b1 P
b1 F
b1101 G
b1011 H
b101 I
b1011 J
b11 K
b101 L
b1110 M
b11101101101011011001101011110 N
b10101111001110100111000110110110 X
b10101111001110100111000110110110 ;
b10101111001110100111000110110110 4
#768
0!
0#
#770
1!
1#
b1100 q
b10110100000000111001110110 h
b1101001010111000110110100010 i
b1101001010111000110110100010 _
b10110100000000111001110110 ^
b1100 .
b10110100000000111001110110 c
b1101001010111000110110100010 d
b101101000000001110011101101101001010111000110110100010 `
b10101100100110011001000100101111101011000100011 j
b1101001010111000110110100010 b
b10110100000000111001110110 a
b10101100100110011001000100101111101011000100011 ]
b10101100100110011001000100101111101011000100011 '
b110000110100111011001010001000100000001011011101 <
b110000 >
b110100 ?
b111011 @
b1010 A
b1000 B
b100000 C
b1011 D
b11101 E
b1001 W
b1001 V
b1001 U
b111 T
b110 S
b101 R
b1100 Q
b1111 P
b1111 F
b1100 G
b101 H
b110 I
b111 J
b1001 K
b1001 L
b1001 M
b11111100010101100111100110011001 N
b111110110011011011101010010011 X
b111110110011011011101010010011 ;
b111110110011011011101010010011 4
#772
0!
0#
#774
1!
1#
b1011010000000011100111011000 h
b100101011100011011010001011 i
b1101 q
b1101 .
b100101011100011011010001011 _
b1011010000000011100111011000 ^
b1011010000000011100111011000 c
b100101011100011011010001011 d
b10110100000000111001110110000100101011100011011010001011 `
b10110101110000100100100000111100010111101100000 j
b100101011100011011010001011 b
b1011010000000011100111011000 a
b10110101110000100100100000111100010111101100000 ]
b10110101110000100100100000111100010111101100000 '
b110011111110001100100110101010111111101110011110 <
b110011 >
b111110 ?
b1100 @
b100110 A
b101010 B
b111111 C
b101110 D
b11110 E
b111 W
b1110 V
b1101 U
b1101 T
b0 S
b1111 R
b1111 Q
b1011 P
b1011 F
b1111 G
b1111 H
b0 I
b1101 J
b1101 K
b1110 L
b111 M
b10111111111100001101110111100111 N
b1110101100111110110111100111111 X
b1110101100111110110111100111111 ;
b1110101100111110110111100111111 4
#776
0!
0#
#778
1!
1#
b1110 q
b1101000000001110011101100010 h
b10101110001101101000101101 i
b10101110001101101000101101 _
b1101000000001110011101100010 ^
b1110 .
1m
1*
b1101000000001110011101100010 c
b10101110001101101000101101 d
b11010000000011100111011000100010101110001101101000101101 `
b100010001000110100001111101110001110100101010100 j
b10101110001101101000101101 b
b1101000000001110011101100010 a
b100010001000110100001111101110001110100101010100 ]
b100010001000110100001111101110001110100101010100 '
b111011000111100001101000011010011110110101010 <
b111 >
b11000 ?
b111100 @
b1101 A
b11 B
b10011 C
b110110 D
b101010 E
b1100 W
b1000 V
b1 U
b1011 T
b1110 R
b1100 Q
b100 P
b100 F
b1100 G
b1110 H
b1011 J
b1 K
b1000 L
b1100 M
b1001100111000001011000110001100 N
b101001000010011010000110110101 X
b101001000010011010000110110101 ;
b101001000010011010000110110101 4
#780
0!
0#
#782
1!
1#
b100000000111001110110001011 h
b1010111000110110100010110100 i
b1111 q
b1111 .
0m
1u
b1010111000110110100010110100 _
b100000000111001110110001011 ^
b100000000111001110110001011 c
b1010111000110110100010110100 d
b1000000001110011101100010111010111000110110100010110100 `
1v
0*
1n
1m
b11000010010001000101111011000011110011010010010 j
b1010111000110110100010110100 b
b100000000111001110110001011 a
b11000010010001000101111011000011110011010010010 ]
1*
1+
b11000010010001000101111011000011110011010010010 '
b111101000010000000101101110101000011001001101100 <
b111101 >
b10 ?
b0 @
b101101 A
b110101 B
b11 C
b1001 D
b101100 E
b1110 W
b100 V
b1111 U
b0 T
b1101 S
b1010 R
b1 Q
b110 P
b110 F
b1 G
b1010 H
b1101 I
b0 J
b1111 K
b100 L
b1110 M
b1100001101011010000111101001110 N
b10011000001100101111001101101100 X
b10011000001100101111001101101100 ;
b10011000001100101111001101101100 4
#784
0!
0#
#786
1!
1#
1o
b0 q
b1000000001110011101100010110 h
b101110001101101000101101001 i
b101110001101101000101101001 _
b1000000001110011101100010110 ^
b0 .
0l
0u
1,
0)
1:
b1000000001110011101100010110 c
b101110001101101000101101001 d
b10000000011100111011000101100101110001101101000101101001 `
b11110001001011010101100100000101011101111011001 j
b101110001101101000101101001 b
b1000000001110011101100010110 a
b1101000001100000001000010101 5
b11010001110111101100110111000001 6
b11010001110111101100110111000001 3
b1101000001100000001000010101 2
b11110001001011010101100100000101011101111011001 ]
b11110001001011010101100100000101011101111011001 '
b111010100011111011111101011001011011111000000011 O
b111010100011111011111101011001011011111000000011 =
b100100101010100001010001111001110000010111011010 <
b100100 >
b101010 ?
b100001 @
b10001 A
b111001 B
b110000 C
b10111 D
b11010 E
b0 W
b1100 V
b111 U
b1010 T
b100 S
b1 R
b100 Q
b1110 P
b1110 F
b100 G
b1 H
b100 I
b1010 J
b111 K
b1100 L
b0 M
b11100100000101001010011111000000 N
b101101100001011001010011001 X
b101101100001011001010011001 ;
b101101100001011001010011001 4
#788
0!
0#
#790
1!
1#
b11010001110111101100110111000001 Y
b1000101101101011000010001100 Z
b100000000111001110110001011 h
b1010111000110110100010110100 i
b1 q
0s
b1 .
1l
b1010111000110110100010110100 _
b100000000111001110110001011 ^
b1000101101101011000010001100 1
b11010001110111101100110111000001 0
b100010110110101100001000110011010001110111101100110111000001 \
b1000101000110000001110010110100110110100000101001010101010111111 [
b100000000111001110110001011 c
b1010111000110110100010110100 d
b1000000001110011101100010111010111000110110100010110100 `
1)
0v
0:
b11010001110111101100110111000001 5
b1000101101101011000010001100 6
0m
b11000010010001000101111011000011110011010010010 j
b1010111000110110100010110100 b
b100000000111001110110001011 a
b1000101000110000001110010110100110110100000101001010101010111111 /
b1000101000110000001110010110100110110100000101001010101010111111 &
b11000010010001000101111011000011110011010010010 ]
0*
b1000101101101011000010001100 3
b11010001110111101100110111000001 2
b1010001010110101101010110100001010001011000 O
b11000010010001000101111011000011110011010010010 '
b100010110001110011010010000001000101100010010001 <
b1010001010110101101010110100001010001011000 =
b11001000011011110000010001110111111001011001010 <
b11001 >
b11 ?
b11110 @
b10 A
b1110 B
b111111 C
b1011 D
b1010 E
b1111 W
b1001 V
b1101 U
b110 T
b1101 S
b1000 R
b1101 Q
b1001 P
b1001 F
b1101 G
b1000 H
b1101 I
b110 J
b1101 K
b1001 L
b1111 M
b10011101100011010110110110011111 N
b10011010100011100111100111111011 X
b10011010100011100111100111111011 ;
b10011010100011100111100111111011 4
#792
0!
0#
#794
1!
1#
b1000101101101011000010001100 Y
b1001011010100001011010000111010 Z
b10 q
b1101000000001110011101100010 h
b10101110001101101000101101 i
b10101110001101101000101101 _
b1101000000001110011101100010 ^
b10 .
0n
b1001011010100001011010000111010 1
b1000101101101011000010001100 0
b100101101010000101101000011101000001000101101101011000010001100 \
b100000001100001001001101100001100111101001011010101000000101110 [
b1000101101101011000010001100 5
b1001011010100001011010000111010 6
0+
b1101000000001110011101100010 c
b10101110001101101000101101 d
b11010000000011100111011000100010101110001101101000101101 `
b100010001000110100001111101110001110100101010100 j
b10101110001101101000101101 b
b1101000000001110011101100010 a
b1001011010100001011010000111010 3
b1000101101101011000010001100 2
b100000001100001001001101100001100111101001011010101000000101110 /
b100000001100001001001101100001100111101001011010101000000101110 &
b1001010110101010100001010110101000000111110100 O
b100010001000110100001111101110001110100101010100 ]
b100010001000110100001111101110001110100101010100 '
b1001010110101010100001010110101000000111110100 =
b101011011110011110101110111000100110100010100000 <
b101011 >
b11110 ?
b101110 A
b111000 B
b100110 C
b100010 D
b100000 E
b111 W
b100 V
b101 U
b1010 Q
b1010 G
b101 K
b100 L
b111 M
b10011010100011010110010101000111 N
b11000000100111100011100111101010 X
b11000000100111100011100111101010 ;
b11000000100111100011100111101010 4
#796
0!
0#
#798
1!
1#
b1001011010100001011010000111010 Y
b11001000001010001000100101100110 Z
b1011010000000011100111011000 h
b100101011100011011010001011 i
b11 q
b11 .
b100101011100011011010001011 _
b1011010000000011100111011000 ^
b11001000001010001000100101100110 1
b1001011010100001011010000111010 0
b1100100000101000100010010110011001001011010100001011010000111010 \
b1000010010000011000010011101011000101010000110111110000101001100 [
b1001011010100001011010000111010 5
b11001000001010001000100101100110 6
b1011010000000011100111011000 c
b100101011100011011010001011 d
b10110100000000111001110110000100101011100011011010001011 `
b10110101110000100100100000111100010111101100000 j
b100101011100011011010001011 b
b1011010000000011100111011000 a
b11001000001010001000100101100110 3
b1001011010100001011010000111010 2
b1000010010000011000010011101011000101010000110111110000101001100 /
b1000010010000011000010011101011000101010000110111110000101001100 &
b11001010000000101010001010001010010101100001101 O
b10110101110000100100100000111100010111101100000 ]
b10110101110000100100100000111100010111101100000 '
b11001010000000101010001010001010010101100001101 =
b1111111110000001110101010110110000010001101101 <
b1111 >
b111110 ?
b1 @
b110101 A
b10110 B
b110000 C
b10001 D
b101101 E
b1000 W
b1110 V
b111 U
b1111 T
b101 S
b1101 R
b1111 Q
b1 P
b1 F
b1111 G
b1101 H
b101 I
b1111 J
b111 K
b1110 L
b1000 M
b11111110101011111011111101000 N
b11101101001111010111010110011011 X
b11101101001111010111010110011011 ;
b11101101001111010111010110011011 4
#800
0!
0#
#802
1!
1#
b11001000001010001000100101100110 Y
b10100110011011011100000110100001 Z
b100 q
b10110100000000111001110110 h
b1101001010111000110110100010 i
b1101001010111000110110100010 _
b10110100000000111001110110 ^
b100 .
b10100110011011011100000110100001 1
b11001000001010001000100101100110 0
b1010011001101101110000011010000111001000001010001000100101100110 \
b1110101000010010100101011100000000000011100111001011011001101 [
b11001000001010001000100101100110 5
b10100110011011011100000110100001 6
b10110100000000111001110110 c
b1101001010111000110110100010 d
b101101000000001110011101101101001010111000110110100010 `
b10101100100110011001000100101111101011000100011 j
b1101001010111000110110100010 b
b10110100000000111001110110 a
b10100110011011011100000110100001 3
b11001000001010001000100101100110 2
b1110101000010010100101011100000000000011100111001011011001101 /
b1110101000010010100101011100000000000011100111001011011001101 &
b110100001100001101011011111000000011110100000011 O
b10101100100110011001000100101111101011000100011 ]
b10101100100110011001000100101111101011000100011 '
b110100001100001101011011111000000011110100000011 =
b100001101000111110010011011101111110101100100000 <
b100001 >
b101000 ?
b111110 @
b10011 A
b11101 B
b111110 C
b101100 D
b100000 E
b111 W
b111 V
b110 U
b1000 T
b111 S
b111 R
b1010 Q
b1111 P
b1111 F
b1010 G
b111 H
b111 I
b1000 J
b110 K
b111 L
b111 M
b11111010011101111000011001110111 N
b11000111111110111001111000101110 X
b11000111111110111001111000101110 ;
b11000111111110111001111000101110 4
#804
0!
0#
#806
1!
1#
b10100110011011011100000110100001 Y
b1111110100110001011101001000 Z
b1000101101000000001110011101 h
b1011010010101110001101101000 i
b101 q
b101 .
b1011010010101110001101101000 _
b1000101101000000001110011101 ^
b1111110100110001011101001000 1
b10100110011011011100000110100001 0
b111111010011000101110100100010100110011011011100000110100001 \
b111111011010100111001000110000100010100101000100011100110011010 [
b10100110011011011100000110100001 5
b1111110100110001011101001000 6
b1000101101000000001110011101 c
b1011010010101110001101101000 d
b10001011010000000011100111011011010010101110001101101000 `
b111010011010011010100101110001001001011011011 j
b1011010010101110001101101000 b
b1000101101000000001110011101 a
b1111110100110001011101001000 3
b10100110011011011100000110100001 2
b111111011010100111001000110000100010100101000100011100110011010 /
b111111011010100111001000110000100010100101000100011100110011010 &
b1011111111010100110100010101110101001010000 O
b111010011010011010100101110001001001011011011 ]
b111010011010011010100101110001001001011011011 '
b1011111111010100110100010101110101001010000 =
b110001100101001110010001100100111100010001011 <
b110 >
b1100 ?
b101001 @
b110010 A
b1100 B
b100111 C
b100010 D
b1011 E
b11 W
b100 V
b1100 U
b1011 T
b1 S
b110 R
b11 Q
b1 P
b1 F
b11 G
b110 H
b1 I
b1011 J
b1100 K
b100 L
b11 M
b10011011000011011110001000011 N
b11110001000100110100100010001110 X
b11110001000100110100100010001110 ;
b11110001000100110100100010001110 4
#808
0!
0#
#810
1!
1#
b1111110100110001011101001000 Y
b1010111011111101000100100101111 Z
b110 q
b110001011010000000011100111 h
b10110100101011100011011010 i
b10110100101011100011011010 _
b110001011010000000011100111 ^
b110 .
b1010111011111101000100100101111 1
b1111110100110001011101001000 0
b101011101111110100010010010111100001111110100110001011101001000 \
b1110110111111001110110011001011101111000000100010111001000100100 [
b1111110100110001011101001000 5
b1010111011111101000100100101111 6
b110001011010000000011100111 c
b10110100101011100011011010 d
b1100010110100000000111001110010110100101011100011011010 `
b110011101010011001111001000110111011001100 j
b10110100101011100011011010 b
b110001011010000000011100111 a
b1010111011111101000100100101111 3
b1111110100110001011101001000 2
b1110110111111001110110011001011101111000000100010111001000100100 /
b1110110111111001110110011001011101111000000100010111001000100100 &
b101010101110101111111101010001010010100101011110 O
b110011101010011001111001000110111011001100 ]
b110011101010011001111001000110111011001100 '
b101010101110101111111101010001010010100101011110 =
b101010011101000101100100101000010100011110010010 <
b101010 >
b11101 ?
b101 @
b100100 A
b101000 B
b10100 C
b11110 D
b10010 E
b1001 W
b1 V
b11 U
b1010 T
b1001 S
b0 R
b1011 Q
b110 P
b110 F
b1011 G
b0 H
b1001 I
b1010 J
b11 K
b1 L
b1001 M
b1101011000010011010001100011001 N
b11001011001010001110101011000000 X
b11001011001010001110101011000000 ;
b11001011001010001110101011000000 4
#812
0!
0#
#814
1!
1#
b1010111011111101000100100101111 Y
b11000100111110111111110110001000 Z
b1101100010110100000000111001 h
b1000101101001010111000110110 i
b111 q
b111 .
1m
b1000101101001010111000110110 _
b1101100010110100000000111001 ^
b11000100111110111111110110001000 1
b1010111011111101000100100101111 0
b1100010011111011111111011000100001010111011111101000100100101111 \
b1001111010110010111001100011111110110100001101101111010001011101 [
b1010111011111101000100100101111 5
b11000100111110111111110110001000 6
b1101100010110100000000111001 c
b1000101101001010111000110110 d
b11011000101101000000001110011000101101001010111000110110 `
1*
b101111010000101100000001110011001110000000100110 j
b1000101101001010111000110110 b
b1101100010110100000000111001 a
b11000100111110111111110110001000 3
b1010111011111101000100100101111 2
b1001111010110010111001100011111110110100001101101111010001011101 /
b1001111010110010111001100011111110110100001101101111010001011101 &
b11000001001011111110111111111111011110001010001 O
b101111010000101100000001110011001110000000100110 ]
b101111010000101100000001110011001110000000100110 '
b11000001001011111110111111111111011110001010001 =
b110111011001110011110110001100110101110001110111 <
b110111 >
b11001 ?
b110011 @
b110110 A
b1100 B
b110101 C
b110001 D
b110111 E
b0 W
b1001 V
b1 U
b1011 T
b1110 S
b1111 R
b110 Q
b1110 P
b1110 F
b110 G
b1111 H
b1110 I
b1011 J
b1 K
b1001 L
b0 M
b11100110111111101011000110010000 N
b1100111110000011011001111010101 X
b1100111110000011011001111010101 ;
b1100111110000011011001111010101 4
#816
0!
0#
#818
1!
1#
b11000100111110111111110110001000 Y
b110000101111110011101011111010 Z
b1000 q
b1110110001011010000000011100 h
b100010110100101011100011011 i
b100010110100101011100011011 _
b1110110001011010000000011100 ^
b1000 .
1n
0m
b110000101111110011101011111010 1
b11000100111110111111110110001000 0
b11000010111111001110101111101011000100111110111111110110001000 \
b11100000110101100110000011111101111101011111011010100110111011 [
b11000100111110111111110110001000 5
b110000101111110011101011111010 6
0*
1+
b1110110001011010000000011100 c
b100010110100101011100011011 d
b11101100010110100000000111000100010110100101011100011011 `
b111101101001010000011010111100001101111110100 j
b100010110100101011100011011 b
b1110110001011010000000011100 a
b110000101111110011101011111010 3
b11000100111110111111110110001000 2
b11100000110101100110000011111101111101011111011010100110111011 /
b11100000110101100110000011111101111101011111011010100110111011 &
b110100001010111111110100111110101011111110100 O
b111101101001010000011010111100001101111110100 ]
b111101101001010000011010111100001101111110100 '
b110100001010111111110100111110101011111110100 =
b1001100011101111101110000010100110000000000 <
b1 >
b1100 ?
b11101 @
b111101 A
b110000 B
b10100 C
b110000 D
b0 E
b1101 W
b1010 V
b11 U
b1111 T
b10 S
b11 Q
b0 P
b0 F
b11 G
b10 I
b1111 J
b11 K
b1010 L
b1101 M
b11111100101111001110101101 N
b1101101011001010110110110100101 X
b1101101011001010110110110100101 ;
b1101101011001010110110110100101 4
#820
0!
0#
#822
1!
1#
b110000101111110011101011111010 Y
b10101001100111101001000000101101 Z
b11101100010110100000000111 h
b1101000101101001010111000110 i
b1001 q
b1001 .
0n
b1101000101101001010111000110 _
b11101100010110100000000111 ^
b10101001100111101001000000101101 1
b110000101111110011101011111010 0
b1010100110011110100100000010110100110000101111110011101011111010 \
b110000100111010001100010111101110111110111010110000001001110110 [
b110000101111110011101011111010 5
b10101001100111101001000000101101 6
b11101100010110100000000111 c
b1101000101101001010111000110 d
b111011000101101000000001111101000101101001010111000110 `
0+
b110001111000001111011000100001100001111000101111 j
b1101000101101001010111000110 b
b11101100010110100000000111 a
b10101001100111101001000000101101 3
b110000101111110011101011111010 2
b110000100111010001100010111101110111110111010110000001001110110 /
b110000100111010001100010111101110111110111010110000001001110110 &
b110101010011110011111101010010100000000101011011 O
b110001111000001111011000100001100001111000101111 ]
b110001111000001111011000100001100001111000101111 '
b110101010011110011111101010010100000000101011011 =
b100101011111100100101110011000001111101110100 <
b100 >
b101011 ?
b111100 @
b100101 A
b110011 B
b1 C
b111101 D
b110100 E
b1010 W
b11 V
b1010 U
b0 S
b1110 R
b1111 Q
b1101 P
b1101 F
b1111 G
b1110 H
b0 I
b1010 K
b11 L
b1010 M
b11011111111000001111101000111010 N
b1111011101011111100010110010110 X
b1111011101011111100010110010110 ;
b1111011101011111100010110010110 4
#824
0!
0#
#826
1!
1#
b10101001100111101001000000101101 Y
b1001011000100001111111101101100 Z
b1010 q
b1100111011000101101000000001 h
b1011010001011010010101110001 i
b1011010001011010010101110001 _
b1100111011000101101000000001 ^
b1010 .
b1001011000100001111111101101100 1
b10101001100111101001000000101101 0
b100101100010000111111110110110010101001100111101001000000101101 \
b1100011001100100001001111110011100111100100001110100010110101100 [
b10101001100111101001000000101101 5
b1001011000100001111111101101100 6
b1100111011000101101000000001 c
b1011010001011010010101110001 d
b11001110110001011010000000011011010001011010010101110001 `
b110011010101010000110001111000011001000110101011 j
b1011010001011010010101110001 b
b1100111011000101101000000001 a
b1001011000100001111111101101100 3
b10101001100111101001000000101101 2
b1100011001100100001001111110011100111100100001110100010110101100 /
b1100011001100100001001111110011100111100100001110100010110101100 &
b1001010110100010100001011111111110101101011000 O
b110011010101010000110001111000011001000110101011 ]
b110011010101010000110001111000011001000110101011 '
b1001010110100010100001011111111110101101011000 =
b111010000011110010010000100111100111101011110011 <
b111010 >
b11 ?
b110010 @
b10000 A
b100111 B
b100111 C
b101011 D
b110011 E
b1100 W
b100 V
b1100 U
b111 T
b1 S
b1 R
b1101 Q
b1010 P
b1010 F
b1101 G
b1 H
b1 I
b111 J
b1100 K
b100 L
b1100 M
b10101101000100010111110001001100 N
b10111100100111000100001010111000 X
b10111100100111000100001010111000 ;
b10111100100111000100001010111000 4
#828
0!
0#
#830
1!
1#
b1001011000100001111111101101100 Y
b10101000000101101001010010101 Z
b111001110110001011010000000 h
b110110100010110100101011100 i
b1011 q
b1011 .
b110110100010110100101011100 _
b111001110110001011010000000 ^
b10101000000101101001010010101 1
b1001011000100001111111101101100 0
b1010100000010110100101001010101001011000100001111111101101100 \
b1100100110011100010010111000101001101101000010101000111000001101 [
b1001011000100001111111101101100 5
b10101000000101101001010010101 6
b111001110110001011010000000 c
b110110100010110100101011100 d
b1110011101100010110100000000110110100010110100101011100 `
b1000100010011101110001011000110111000011011100 j
b110110100010110100101011100 b
b111001110110001011010000000 a
b10101000000101101001010010101 3
b1001011000100001111111101101100 2
b1100100110011100010010111000101001101101000010101000111000001101 /
b1100100110011100010010111000101001101101000010101000111000001101 &
b100010101010100000000101011010100101010010101010 O
b1000100010011101110001011000110111000011011100 ]
b1000100010011101110001011000110111000011011100 '
b100010101010100000000101011010100101010010101010 =
b101010001000111101110100000010010010010001110110 <
b101010 >
b1000 ?
b111101 @
b110100 A
b10 B
b10010 C
b10001 D
b110110 E
b1101 W
b1110 V
b1101 U
b1100 T
b11 S
b10 R
b110 Q
b110 P
b110 F
b110 G
b10 H
b11 I
b1100 J
b1101 K
b1110 L
b1101 M
b1100110001000111100110111101101 N
b11011001010101001010111000111101 X
b11011001010101001010111000111101 ;
b11011001010101001010111000111101 4
#832
0!
0#
#834
1!
1#
b10101000000101101001010010101 Y
b10010010010001000101000101010001 Z
b1100 q
b1110011101100010110100000 h
b1101101000101101001010111 i
b1101101000101101001010111 _
b1110011101100010110100000 ^
b1100 .
b10010010010001000101000101010001 1
b10101000000101101001010010101 0
b1001001001000100010100010101000100010101000000101101001010010101 \
b1000011101101000100100100000000011001111000000000001110101001010 [
b10101000000101101001010010101 5
b10010010010001000101000101010001 6
b1110011101100010110100000 c
b1101101000101101001010111 d
b11100111011000101101000000001101101000101101001010111 `
b101001000111100100000110010011000110100100011101 j
b1101101000101101001010111 b
b1110011101100010110100000 a
b10010010010001000101000101010001 3
b10101000000101101001010010101 2
b1000011101101000100100100000000011001111000000000001110101001010 /
b1000011101101000100100100000000011001111000000000001110101001010 &
b110010100100001000001000001010100010101010100011 O
b101001000111100100000110010011000110100100011101 ]
b101001000111100100000110010011000110100100011101 '
b110010100100001000001000001010100010101010100011 =
b11011100011101100001110011001100100001110111110 <
b11011 >
b100011 ?
b101100 @
b1110 A
b11001 B
b100100 C
b1110 D
b111110 E
b1000 W
b1101 V
b1111 U
b11 T
b1010 S
b11 R
b1000 Q
b101 P
b101 F
b1000 G
b11 H
b1010 I
b11 J
b1111 K
b1101 L
b1000 M
b1011000001110100011111111011000 N
b111110011110001010000011001111 X
b111110011110001010000011001111 ;
b111110011110001010000011001111 4
#836
0!
0#
#838
1!
1#
b10010010010001000101000101010001 Y
b101011011110100111001001011010 Z
b11100111011000101101000 h
b1100011011010001011010010101 i
b1101 q
b1101 .
b1100011011010001011010010101 _
b11100111011000101101000 ^
b101011011110100111001001011010 1
b10010010010001000101000101010001 0
b10101101111010011100100101101010010010010001000101000101010001 \
b100101011010101001000000101000110011111010101000011111110000000 [
b10010010010001000101000101010001 5
b101011011110100111001001011010 6
b11100111011000101101000 c
b1100011011010001011010010101 d
b111001110110001011010001100011011010001011010010101 `
b1000001100101001110110010110110000110110100010 j
b1100011011010001011010010101 b
b11100111011000101101000 a
b101011011110100111001001011010 3
b10010010010001000101000101010001 2
b100101011010101001000000101000110011111010101000011111110000000 /
b100101011010101001000000101000110011111010101000011111110000000 &
b101010110101111110100001110100100001011110100 O
b1000001100101001110110010110110000110110100010 ]
b1000001100101001110110010110110000110110100010 '
b101010110101111110100001110100100001011110100 =
b1101011010000110000010011000010100111101010110 <
b1101 >
b11010 ?
b110 @
b10 A
b11000 B
b10100 C
b111101 D
b10110 E
b1110 W
b11 V
b11 U
b1101 T
b1101 S
b1110 R
b0 Q
b1101 P
b1101 F
b0 G
b1110 H
b1101 I
b1101 J
b11 K
b11 L
b1110 M
b11010000111011011101001100111110 N
b10101011101001111011010101100110 X
b10101011101001111011010101100110 ;
b10101011101001111011010101100110 4
#840
0!
0#
#842
1!
1#
b101011011110100111001001011010 Y
b111001111000111110010000110111 Z
b1110 q
b111001110110001011010 h
b111000110110100010110100101 i
b111000110110100010110100101 _
b111001110110001011010 ^
b1110 .
1m
b111001111000111110010000110111 1
b101011011110100111001001011010 0
b11100111100011111001000011011100101011011110100111001001011010 \
b1101000110111011000001011110001001101011111111010011111000010100 [
b101011011110100111001001011010 5
b111001111000111110010000110111 6
1*
b111001110110001011010 c
b111000110110100010110100101 d
b1110011101100010110100111000110110100010110100101 `
b110100001001000001001010001100111001011100110101 j
b111000110110100010110100101 b
b111001110110001011010 a
b111001111000111110010000110111 3
b101011011110100111001001011010 2
b1101000110111011000001011110001001101011111111010011111000010100 /
b1101000110111011000001011110001001101011111111010011111000010100 &
b100111110011111100000111111100001000000110101110 O
b110100001001000001001010001100111001011100110101 ]
b110100001001000001001010001100111001011100110101 '
b100111110011111100000111111100001000000110101110 =
b10011111010111101001101110000110001011010011011 <
b10011 >
b111010 ?
b111101 @
b1101 A
b110000 B
b110001 C
b11010 D
b11011 E
b1010 V
b1011 U
b1111 T
b0 S
b10 R
b11 Q
b110 P
b110 F
b11 G
b10 H
b0 I
b1111 J
b1011 K
b1010 L
b1100011001000001111101110101110 N
b1111001001001101110011010100101 X
b1111001001001101110011010100101 ;
b1111001001001101110011010100101 4
#844
0!
0#
#846
1!
1#
b111001111000111110010000110111 Y
b1010010010111001001010011111111 Z
b11100111011000101101 h
b1011100011011010001011010010 i
b1111 q
b1111 .
0m
1u
b1011100011011010001011010010 _
b11100111011000101101 ^
b1010010010111001001010011111111 1
b111001111000111110010000110111 0
b101001001011100100101001111111100111001111000111110010000110111 \
b1010001101100011000111111001000111010111101010110111100100101101 [
b111001111000111110010000110111 5
b1010010010111001001010011111111 6
b11100111011000101101 c
b1011100011011010001011010010 d
b111001110110001011011011100011011010001011010010 `
1v
0*
1n
1m
b101000011001110010100000111111010010010000001011 j
b1011100011011010001011010010 b
b11100111011000101101 a
b1010010010111001001010011111111 3
b111001111000111110010000110111 2
b1010001101100011000111111001000111010111101010110111100100101101 /
b1010001101100011000111111001000111010111101010110111100100101101 &
b101010100100001011111001010010101001011111111110 O
b101000011001110010100000111111010010010000001011 ]
1*
1+
b101000011001110010100000111111010010010000001011 '
b101010100100001011111001010010101001011111111110 =
b10111101111001011001101101111011001111110101 <
b10 >
b111101 ?
b111001 @
b11001 A
b101101 B
b111011 C
b1111 D
b110101 E
b1001 W
b0 U
b10 T
b1 S
b1011 R
b1110 Q
b100 P
b100 F
b1110 G
b1011 H
b1 I
b10 J
b0 K
b1001 M
b1001110101100010010000010101001 N
b11001100000010001000110110010101 X
b11001100000010001000110110010101 ;
b11001100000010001000110110010101 4
#848
0!
0#
#850
1!
1#
b1010010010111001001010011111111 Y
b11110101111010110110100110100010 Z
0o
0k
b0 q
b1000000001110011101100010110 h
b101110001101101000101101001 i
b101110001101101000101101001 _
b1000000001110011101100010110 ^
b0 .
0l
0u
0(
1r
0,
b11110101111010110110100110100010 1
b1010010010111001001010011111111 0
b1111010111101011011010011010001001010010010111001001010011111111 \
b101011010010011011010100011011011101010010101111111011001011011 [
b1010010010111001001010011111111 5
b11110101111010110110100110100010 6
1%
0)
1:
b1000000001110011101100010110 c
b101110001101101000101101001 d
b10000000011100111011000101100101110001101101000101101001 `
b11110001001011010101100100000101011101111011001 j
b101110001101101000101101001 b
b1000000001110011101100010110 a
b1101000001100000001000010101 5
b11010001110111101100110111000001 6
0g
b11010001110111101100110111000001 3
b1101000001100000001000010101 2
b101011010010011011010100011011011101010010101111111011001011011 /
b101011010010011011010100011011011101010010101111111011001011011 &
b111010100011111011111101011001011011111000000011 O
b11110001001011010101100100000101011101111011001 ]
b11110001001011010101100100000101011101111011001 '
b111010100011111011111101011001011011111000000011 =
b100100101010100001010001111001110000010111011010 <
b100100 >
b101010 ?
b100001 @
b10001 A
b111001 B
b110000 C
b10111 D
b11010 E
b0 W
b1100 V
b111 U
b1010 T
b100 S
b1 R
b100 Q
b1110 P
b1110 F
b100 G
b1 H
b100 I
b1010 J
b111 K
b1100 L
b0 M
b11100100000101001010011111000000 N
b101101100001011001010011001 X
b101101100001011001010011001 ;
b101101100001011001010011001 4
#852
0!
0#
#854
1!
1#
b1010110010010110000100001 e
b1101011111111011111110000000 f
b1111000011111111000011111001000000100001111011100101010011 7
b11110000111111110000111110 8
b1000000100001111011100101010011 9
b1101011111111011111110000000 d
b1010110010010110000100001 c
b1010110010010110000100001 a
b1101011111111011111110000000 b
b1000000100001111011100101010011 6
b11110000111111110000111110 5
b11110000111111110000111110 2
b1000000100001111011100101010011 3
b101000000001010000001111110111110010101010100110 O
b101000000001010000001111110111110010101010100110 =
b110110001000001010100011010111011001000101111111 <
b110110 >
b1000 ?
b1010 @
b100011 A
b10111 B
b11001 C
b101 D
b111111 E
b1011 W
b1011 V
b0 U
b1111 S
b11 R
b110 Q
b111 P
b111 F
b110 G
b11 H
b1111 I
b0 K
b1011 L
b1011 M
b1110110001111111010000010111011 N
b11001111010000101001111011010111 X
b11001111010000101001111011010111 ;
b11001111010000101001111011010111 4
#856
0!
0#
#858
1!
1#
1k
1(
0r
0%
#860
0!
0#
#862
1!
1#
b10101100100101100001000010 h
b1010111111110111111100000001 i
b1 q
1s
b1 .
1l
b1010111111110111111100000001 _
b10101100100101100001000010 ^
b101011001001011000010000101010111111110111111100000001 `
1)
0v
0:
b1010010010111001001010011111111 5
b11110101111010110110100110100010 6
0m
1g
b111001100000000001111000001110010111101110110110 j
b111001100000000001111000001110010111101110110110 ]
b10101100100101100001000010 c
b1010111111110111111100000001 d
0*
b11110101111010110110100110100010 3
b1010010010111001001010011111111 2
b11110101011111101010110101101010011110100000101 O
b1010111111110111111100000001 b
b10101100100101100001000010 a
b111001100000000001111000001110010111101110110110 '
b10001100001010001110111111001100101000100010000 <
b11110101011111101010110101101010011110100000101 =
b100111001011111100101110100011000100011010110011 <
b100111 >
b1011 ?
b111100 @
b101110 A
b100011 B
b100 C
b11010 D
b110011 E
b1100 W
b1010 V
b1010 U
b1000 T
b1101 S
b1110 R
b10 Q
b10 P
b10 F
b10 G
b1110 H
b1101 I
b1000 J
b1010 K
b1010 L
b1100 M
b100010111011011000101010101100 N
b11011001001000010001011101100101 X
b11011001001000010001011101100101 ;
b11011001001000010001011101100101 4
#864
0!
0#
#866
1!
1#
b10 q
b101011001001011000010000100 h
b101111111101111111000000011 i
b101111111101111111000000011 _
b101011001001011000010000100 ^
b10 .
0n
0+
b101011001001011000010000100 c
b101111111101111111000000011 d
b1010110010010110000100001000101111111101111111000000011 `
b1111000110110011100111100110101110110101 j
b101111111101111111000000011 b
b101011001001011000010000100 a
b1111000110110011100111100110101110110101 ]
b1111000110110011100111100110101110110101 '
b11110100100111011100101001010110101011010110000 <
b11110 >
b100100 ?
b111011 @
b100101 A
b1010 B
b110101 C
b110000 E
b0 W
b1 U
b1010 T
b0 S
b101 R
b111 Q
b111 P
b111 F
b111 G
b101 H
b0 I
b1010 J
b1 K
b0 M
b1110111010100001010000110100000 N
b1000101000000011110011010010011 X
b1000101000000011110011010010011 ;
b1000101000000011110011010010011 4
#868
0!
0#
#870
1!
1#
b101100100101100001000010001 h
b111111110111111100000001101 i
b11 q
b11 .
b111111110111111100000001101 _
b101100100101100001000010001 ^
b101100100101100001000010001 c
b111111110111111100000001101 d
b1011001001011000010000100010111111110111111100000001101 `
b101101010000010101000011101100110110101111010101 j
b111111110111111100000001101 b
b101100100101100001000010001 a
b101101010000010101000011101100110110101111010101 ]
b101101010000010101000011101100110110101111010101 '
b110011111011101000010101000001100101011011010000 <
b110011 >
b111011 ?
b101000 @
b10101 A
b1 B
b100101 C
b11011 D
b10000 E
b1010 W
b1111 V
b10 U
b1110 T
b10 S
b1000 R
b101 Q
b1011 P
b1011 F
b101 G
b1000 H
b10 I
b1110 J
b10 K
b1111 L
b1010 M
b10110101100000101110001011111010 N
b1011111101100100011110010011 X
b1011111101100100011110010011 ;
b1011111101100100011110010011 4
#872
0!
0#
#874
1!
1#
b100 q
b110010010110000100001000101 h
b1111111011111110000000110101 i
b1111111011111110000000110101 _
b110010010110000100001000101 ^
b100 .
b110010010110000100001000101 c
b1111111011111110000000110101 d
b1100100101100001000010001011111111011111110000000110101 `
b11000110100001010000001111100111010001110010011 j
b1111111011111110000000110101 b
b110010010110000100001000101 a
b11000110100001010000001111100111010001110010011 ]
b11000110100001010000001111100111010001110010011 '
b110011111110111010111010001101001111010010110 <
b110 >
b11111 ?
b110111 @
b10111 A
b10001 B
b101001 C
b111010 D
b10110 E
b1110 W
b101 V
b1001 U
b101 T
b1100 S
b11 R
b1 P
b1 F
b11 H
b1100 I
b101 J
b1001 K
b101 L
b1110 M
b10101001111000101100101011110 N
b111110000101100111000001110110 X
b111110000101100111000001110110 ;
b111110000101100111000001110110 4
#876
0!
0#
#878
1!
1#
b1001001011000010000100010101 h
b1111101111111000000011010111 i
b101 q
b101 .
b1111101111111000000011010111 _
b1001001011000010000100010101 ^
b1001001011000010000100010101 c
b1111101111111000000011010111 d
b10010010110000100001000101011111101111111000000011010111 `
b110011001000110010100111101110010011100001111 j
b1111101111111000000011010111 b
b1001001011000010000100010101 a
b110011001000110010100111101110010011100001111 ]
b110011001000110010100111101110010011100001111 '
b11000110010111011000010010000100001101000001010 <
b11000 >
b110010 ?
b111011 @
b10 A
b10000 B
b100001 C
b101000 D
b1010 E
b1111 W
b1100 V
b100 U
b1000 T
b1101 S
b101 R
b1000 Q
b101 P
b101 F
b1000 G
b101 H
b1101 I
b1000 J
b100 K
b1100 L
b1111 M
b1011000010111011000010011001111 N
b10001101000110111001100001101011 X
b10001101000110111001100001101011 ;
b10001101000110111001100001101011 4
#880
0!
0#
#882
1!
1#
b110 q
b100101100001000010001010110 h
b1110111111100000001101011111 i
b1110111111100000001101011111 _
b100101100001000010001010110 ^
b110 .
b100101100001000010001010110 c
b1110111111100000001101011111 d
b1001011000010000100010101101110111111100000001101011111 `
b101000000000011011011011111100011001111001110 j
b1110111111100000001101011111 b
b100101100001000010001010110 a
b101000000000011011011011111100011001111001110 ]
b101000000000011011011011111100011001111001110 '
b11011101011111110001101110010110000111011001011 <
b11011 >
b101011 ?
b111110 @
b1101 A
b110010 B
b110000 C
b111011 D
b1011 E
b11 W
b10 V
b111 U
b1001 T
b0 S
b111 R
b1111 Q
b1111 G
b111 H
b0 I
b1001 J
b111 K
b10 L
b11 M
b1011111011100001001011100100011 N
b1100101001010111110110000011110 X
b1100101001010111110110000011110 ;
b1100101001010111110110000011110 4
#884
0!
0#
#886
1!
1#
b10110000100001000101011001 h
b1011111110000000110101111111 i
b111 q
b111 .
1m
b1011111110000000110101111111 _
b10110000100001000101011001 ^
b10110000100001000101011001 c
b1011111110000000110101111111 d
b101100001000010001010110011011111110000000110101111111 `
1*
b1101110100000000100100011101001111000111101111 j
b1011111110000000110101111111 b
b10110000100001000101011001 a
b1101110100000000100100011101001111000111101111 ]
b1101110100000000100100011101001111000111101111 '
b10011011111111101110010110000011100110011101010 <
b10011 >
b11111 ?
b111101 @
b110010 A
b110000 B
b11100 C
b110011 D
b101010 E
b1100 W
b101 V
b101 U
b1111 T
b1 S
b10 R
b101 Q
b110 P
b110 F
b101 G
b10 H
b1 I
b1111 J
b101 K
b101 L
b1100 M
b1100101001000011111010101011100 N
b10101011000101001110001010111100 X
b10101011000101001110001010111100 ;
b10101011000101001110001010111100 4
#888
0!
0#
#890
1!
1#
b1000 q
b1011000010000100010101100100 h
b1111111000000011010111111110 i
b1111111000000011010111111110 _
b1011000010000100010101100100 ^
b1000 .
1n
0m
0*
1+
b1011000010000100010101100100 c
b1111111000000011010111111110 d
b10110000100001000101011001001111111000000011010111111110 `
b100010100000100110000100011001101011110011101011 j
b1111111000000011010111111110 b
b1011000010000100010101100100 a
b100010100000100110000100011001101011110011101011 ]
b100010100000100110000100011001101011110011101011 '
b111100001011011011010010110100111000000111101110 <
b111100 >
b1011 ?
b11011 @
b10010 A
b110100 B
b111000 C
b111 D
b101110 E
b10 W
b111 V
b1 U
b1100 T
b10 S
b1011 R
b10 Q
b101 P
b101 F
b10 G
b1011 H
b10 I
b1100 J
b1 K
b111 L
b10 M
b1010010101100101100000101110010 N
b1000111010101101010010100000110 X
b1000111010101101010010100000110 ;
b1000111010101101010010100000110 4
#892
0!
0#
#894
1!
1#
b110000100001000101011001001 h
b1111110000000110101111111101 i
b1001 q
b1001 .
0n
b1111110000000110101111111101 _
b110000100001000101011001001 ^
b110000100001000101011001001 c
b1111110000000110101111111101 d
b1100001000010001010110010011111110000000110101111111101 `
0+
b10000110010010001000011011010101111010111011011 j
b1111110000000110101111111101 b
b110000100001000101011001001 a
b10000110010010001000011011010101111010111011011 ]
b10000110010010001000011011010101111010111011011 '
b1110011001101100010101110111111100100011011110 <
b1110 >
b11001 ?
b101100 @
b10101 A
b110111 B
b111100 C
b100011 D
b11110 E
b111 W
b1011 V
b1011 U
b1001 T
b11 R
b110 Q
b1000 P
b1000 F
b110 G
b11 H
b1001 J
b1011 K
b1011 L
b111 M
b10000110001100101001101110110111 N
b1110111111000100010110000110101 X
b1110111111000100010110000110101 ;
b1110111111000100010110000110101 4
#896
0!
0#
#898
1!
1#
b1010 q
b1000010000100010101100100101 h
b1111000000011010111111110111 i
b1111000000011010111111110111 _
b1000010000100010101100100101 ^
b1010 .
b1000010000100010101100100101 c
b1111000000011010111111110111 d
b10000100001000101011001001011111000000011010111111110111 `
b11010011100110010000100111011111101010100101011 j
b1111000000011010111111110111 b
b1000010000100010101100100101 a
b11010011100110010000100111011111101010100101011 ]
b11010011100110010000100111011111101010100101011 '
b100110111001111010010010110101110100000101110 <
b100 >
b110111 ?
b1111 @
b10010 A
b10110 B
b101110 C
b100000 D
b101110 E
b10 W
b1 V
b11 U
b1111 T
b1010 R
b1100 Q
b1101 P
b1101 F
b1100 G
b1010 H
b1111 J
b11 K
b1 L
b10 M
b11011100101000101111001100010010 N
b100011111011101010000110010110 X
b100011111011101010000110010110 ;
b100011111011101010000110010110 4
#900
0!
0#
#902
1!
1#
b1000010001010110010010110 h
b1100000001101011111111011111 i
b1011 q
b1011 .
b1100000001101011111111011111 _
b1000010001010110010010110 ^
b1000010001010110010010110 c
b1100000001101011111111011111 d
b10000100010101100100101101100000001101011111111011111 `
b10100001010000110001010110011100101111101101010 j
b1100000001101011111111011111 b
b1000010001010110010010110 a
b10100001010000110001010110011100101111101101010 ]
b10100001010000110001010110011100101111101101010 '
b1010100001111011011100011110110110001001101111 <
b1010 >
b100001 ?
b111011 @
b11100 A
b11110 B
b110110 C
b1001 D
b101111 E
b1101 W
b100 V
b1010 U
b1001 T
b100 S
b101 R
b1101 Q
b1111 P
b1111 F
b1101 G
b101 H
b100 I
b1001 J
b1010 K
b100 L
b1101 M
b11111101010101001001101001001101 N
b111101101110011101101000110010 X
b111101101110011101101000110010 ;
b111101101110011101101000110010 4
#904
0!
0#
#906
1!
1#
b1100 q
b100001000101011001001011000 h
b110101111111101111111 i
b110101111111101111111 _
b100001000101011001001011000 ^
b1100 .
b100001000101011001001011000 c
b110101111111101111111 d
b1000010001010110010010110000000000110101111111101111111 `
b1100001000010000110011110111001101101101111100 j
b110101111111101111111 b
b100001000101011001001011000 a
b1100001000010000110011110111001101101101111100 ]
b1100001000010000110011110111001101101101111100 '
b10010100011101101100101011010011110011001111001 <
b10010 >
b100011 ?
b101101 @
b100101 A
b11010 B
b11110 C
b11001 D
b111001 E
b11 W
b10 V
b1011 U
b0 T
b0 S
b1000 R
b1000 Q
b1010 P
b1010 F
b1000 G
b1000 H
b0 I
b0 J
b1011 K
b10 L
b11 M
b10101000100000000000101100100011 N
b10000101010100010111100000000 X
b10000101010100010111100000000 ;
b10000101010100010111100000000 4
#908
0!
0#
#910
1!
1#
b100010101100100101100001 h
b11010111111110111111100 i
b1101 q
b1101 .
b11010111111110111111100 _
b100010101100100101100001 ^
b100010101100100101100001 c
b11010111111110111111100 d
b1000101011001001011000010000011010111111110111111100 `
b111001010000100000000110110100011101111011111000 j
b11010111111110111111100 b
b100010101100100101100001 a
b111001010000100000000110110100011101111011111000 ]
b111001010000100000000110110100011101111011111000 '
b100111111011011101010000011001001110001111111101 <
b100111 >
b111011 ?
b11101 @
b10000 A
b11001 B
b1110 C
b1111 D
b111101 E
b110 W
b1010 V
b1000 U
b11 T
b1 S
b1111 R
b101 Q
b10 P
b10 F
b101 G
b1111 H
b1 I
b11 J
b1000 K
b1010 L
b110 M
b100101111100010011100010100110 N
b10110100000000110100011110110101 X
b10110100000000110100011110110101 ;
b10110100000000110100011110110101 4
#912
0!
0#
#914
1!
1#
b1110 q
b10001010110010010110000100 h
b1101011111111011111110000 i
b1101011111111011111110000 _
b10001010110010010110000100 ^
b1110 .
1m
1*
b10001010110010010110000100 c
b1101011111111011111110000 d
b100010101100100101100001000001101011111111011111110000 `
b1000101010001010010100110110011011111000111001 j
b1101011111111011111110000 b
b10001010110010010110000100 a
b1000101010001010010100110110011011111000111001 ]
b1000101010001010010100110110011011111000111001 '
b10110000001110111000010011011001000001100111100 <
b10110 >
b1 ?
b110111 @
b10 A
b11011 B
b1000 C
b1100 D
b111100 E
b101 W
b1000 V
b1001 U
b1001 T
b1101 S
b11 R
b11 Q
b1100 P
b1100 F
b11 G
b11 H
b1101 I
b1001 J
b1001 K
b1000 L
b101 M
b11000011001111011001100110000101 N
b11110101100000001111100001100101 X
b11110101100000001111100001100101 ;
b11110101100000001111100001100101 4
#916
0!
0#
#918
1!
1#
b1000101011001001011000010000 h
b110101111111101111111000000 i
b1111 q
b1111 .
0m
1u
b110101111111101111111000000 _
b1000101011001001011000010000 ^
b1000101011001001011000010000 c
b110101111111101111111000000 d
b10001010110010010110000100000110101111111101111111000000 `
1v
0*
1n
1m
b111000001010000110010101110110111111000111100 j
b110101111111101111111000000 b
b1000101011001001011000010000 a
b111000001010000110010101110110111111000111100 ]
1*
1+
b111000001010000110010101110110111111000111100 '
b11001101010101101100100000011100100001100111001 <
b11001 >
b101010 ?
b101101 @
b100100 A
b11 B
b100100 C
b111001 E
b11 W
b1111 U
b1011 T
b1001 S
b1000 R
b100 Q
b1001 P
b1001 F
b100 G
b1000 H
b1001 I
b1011 J
b1111 K
b11 M
b10010100100010011011111110000011 N
b10110001101000100010100111011011 X
b10110001101000100010100111011011 ;
b10110001101000100010100111011011 4
#920
0!
0#
#922
1!
1#
1o
b0 q
b1010110010010110000100001 h
b1101011111111011111110000000 i
b1101011111111011111110000000 _
b1010110010010110000100001 ^
b0 .
0l
0u
1,
0)
1:
b1010110010010110000100001 c
b1101011111111011111110000000 d
b10101100100101100001000011101011111111011111110000000 `
b10000011100101101000000100110110101111010100111 j
b1101011111111011111110000000 b
b1010110010010110000100001 a
b11110000111111110000111110 5
b1000000100001111011100101010011 6
b1000000100001111011100101010011 3
b11110000111111110000111110 2
b10000011100101101000000100110110101111010100111 ]
b10000011100101101000000100110110101111010100111 '
b101000000001010000001111110111110010101010100110 O
b101000000001010000001111110111110010101010100110 =
b111000011101111101001111010001000111010000000001 <
b111000 >
b11101 ?
b111101 @
b1111 A
b10001 B
b111 C
b10000 D
b1 E
b1 W
b11 V
b10 U
b101 T
b11 S
b10 R
b1011 Q
b11 P
b11 F
b1011 G
b10 H
b11 I
b101 J
b10 K
b11 L
b1 M
b111011001000110101001000110001 N
b11100010011011000100111000000110 X
b11100010011011000100111000000110 ;
b11100010011011000100111000000110 4
#924
0!
0#
#926
1!
1#
b1000000100001111011100101010011 Y
b11100001101011111011001000111000 Z
b1000101011001001011000010000 h
b110101111111101111111000000 i
b1 q
0s
b1 .
1l
b110101111111101111111000000 _
b1000101011001001011000010000 ^
b11100001101011111011001000111000 1
b1000000100001111011100101010011 0
b1110000110101111101100100011100001000000100001111011100101010011 \
b111101000110110001100000001100100001111010111011100001001111100 [
b1000101011001001011000010000 c
b110101111111101111111000000 d
b10001010110010010110000100000110101111111101111111000000 `
1)
0v
0:
b1000000100001111011100101010011 5
b11100001101011111011001000111000 6
0m
b111000001010000110010101110110111111000111100 j
b110101111111101111111000000 b
b1000101011001001011000010000 a
b111101000110110001100000001100100001111010111011100001001111100 /
b111101000110110001100000001100100001111010111011100001001111100 &
b111000001010000110010101110110111111000111100 ]
0*
b11100001101011111011001000111000 3
b1000000100001111011100101010011 2
b11100000011110101011111110110100100000111110001 O
b111000001010000110010101110110111111000111100 '
b101111000000000000111101011001000101010010011010 <
b11100000011110101011111110110100100000111110001 =
b11011000010100101101101011000010011111111001101 <
b11011 >
b10 ?
b100101 @
b101101 A
b11000 B
b10011 C
b111111 D
b1101 E
b111 W
b1100 V
b1 U
b1101 T
b1101 S
b1101 R
b1 Q
b101 P
b101 F
b1 G
b1101 H
b1101 I
b1101 J
b1 K
b1100 L
b111 M
b1010001110111011101000111000111 N
b10100101000101111111100101100011 X
b10100101000101111111100101100011 ;
b10100101000101111111100101100011 4
#928
0!
0#
#930
1!
1#
b11100001101011111011001000111000 Y
b11100101100100000100000000110000 Z
b10 q
b10001010110010010110000100 h
b1101011111111011111110000 i
b1101011111111011111110000 _
b10001010110010010110000100 ^
b10 .
0n
b11100101100100000100000000110000 1
b11100001101011111011001000111000 0
b1110010110010000010000000011000011100001101011111011001000111000 \
b1110000000101000011000000010001000011011111010111100010011111000 [
b11100001101011111011001000111000 5
b11100101100100000100000000110000 6
0+
b10001010110010010110000100 c
b1101011111111011111110000 d
b100010101100100101100001000001101011111111011111110000 `
b1000101010001010010100110110011011111000111001 j
b1101011111111011111110000 b
b10001010110010010110000100 a
b11100101100100000100000000110000 3
b11100001101011111011001000111000 2
b1110000000101000011000000010001000011011111010111100010011111000 /
b1110000000101000011000000010001000011011111010111100010011111000 &
b11100001011110010100000001000000000000110100001 O
b1000101010001010010100110110011011111000111001 ]
b1000101010001010010100110110011011111000111001 '
b11100001011110010100000001000000000000110100001 =
b10100100001111000110100111110011011111110011000 <
b10100 >
b100001 ?
b111000 @
b110100 A
b111110 B
b11011 C
b111110 D
b11000 E
b101 W
b10 V
b1011 U
b1110 T
b11 S
b101 R
b1101 Q
b110 P
b110 F
b1101 G
b101 H
b11 I
b1110 J
b1011 K
b10 L
b101 M
b1101101010100111110101100100101 N
b10010101011011011110111010110000 X
b10010101011011011110111010110000 ;
b10010101011011011110111010110000 4
#932
0!
0#
#934
1!
1#
b11100101100100000100000000110000 Y
b1110100110000100101110010001000 Z
b100010101100100101100001 h
b11010111111110111111100 i
b11 q
b11 .
b11010111111110111111100 _
b100010101100100101100001 ^
b1110100110000100101110010001000 1
b11100101100100000100000000110000 0
b111010011000010010111001000100011100101100100000100000000110000 \
b1000000000010000110001000000010101100110110000101101110010110001 [
b11100101100100000100000000110000 5
b1110100110000100101110010001000 6
b100010101100100101100001 c
b11010111111110111111100 d
b1000101011001001011000010000011010111111110111111100 `
b111001010000100000000110110100011101111011111000 j
b11010111111110111111100 b
b100010101100100101100001 a
b1110100110000100101110010001000 3
b11100101100100000100000000110000 2
b1000000000010000110001000000010101100110110000101101110010110001 /
b1000000000010000110001000000010101100110110000101101110010110001 &
b1110101001011000000100001011111001010001010000 O
b111001010000100000000110110100011101111011111000 ]
b111001010000100000000110110100011101111011111000 '
b1110101001011000000100001011111001010001010000 =
b110111111001111000000010111111100100101010101000 <
b110111 >
b111001 ?
b10 A
b111111 B
b100100 C
b101010 D
b101000 E
b1001 W
b11 V
b1111 U
b11 T
b1101 S
b0 Q
b1110 P
b1110 F
b0 G
b1101 I
b11 J
b1111 K
b11 L
b1001 M
b11100000010111010011111100111001 N
b10111110101000011011111011001000 X
b10111110101000011011111011001000 ;
b10111110101000011011111011001000 4
#936
0!
0#
#938
1!
1#
b1110100110000100101110010001000 Y
b1011011001100011111111011111000 Z
b100 q
b100001000101011001001011000 h
b110101111111101111111 i
b110101111111101111111 _
b100001000101011001001011000 ^
b100 .
b1011011001100011111111011111000 1
b1110100110000100101110010001000 0
b101101100110001111111101111100001110100110000100101110010001000 \
b101000001100100100011000100111111011101100101011110110100100111 [
b1110100110000100101110010001000 5
b1011011001100011111111011111000 6
b100001000101011001001011000 c
b110101111111101111111 d
b1000010001010110010010110000000000110101111111101111111 `
b1100001000010000110011110111001101101101111100 j
b110101111111101111111 b
b100001000101011001001011000 a
b1011011001100011111111011111000 3
b1110100110000100101110010001000 2
b101000001100100100011000100111111011101100101011110110100100111 /
b101000001100100100011000100111111011101100101011110110100100111 &
b1011110110100110100011111111111101011111110000 O
b1100001000010000110011110111001101101101111100 ]
b1100001000010000110011110111001101101101111100 '
b1011110110100110100011111111111101011111110000 =
b111111110110110010000001000110000110010001100 <
b111 >
b111110 ?
b110110 @
b10000 A
b1000 B
b110000 C
b110010 D
b1100 E
b1011 W
b1111 V
b111 U
b111 T
b1 S
b1100 R
b1111 Q
b100 P
b100 F
b1111 G
b1100 H
b1 I
b111 J
b111 K
b1111 L
b1011 M
b1001111110000010111011111111011 N
b11101010001111111110110110011001 X
b11101010001111111110110110011001 ;
b11101010001111111110110110011001 4
#940
0!
0#
#942
1!
1#
b1011011001100011111111011111000 Y
b10011110111111011011000100010001 Z
b1000010001010110010010110 h
b1100000001101011111111011111 i
b101 q
b101 .
b1100000001101011111111011111 _
b1000010001010110010010110 ^
b10011110111111011011000100010001 1
b1011011001100011111111011111000 0
b1001111011111101101100010001000101011011001100011111111011111000 \
b1011010111001000010110001101101011111111001111101001101001011110 [
b1011011001100011111111011111000 5
b10011110111111011011000100010001 6
b1000010001010110010010110 c
b1100000001101011111111011111 d
b10000100010101100100101101100000001101011111111011111 `
b10100001010000110001010110011100101111101101010 j
b1100000001101011111111011111 b
b1000010001010110010010110 a
b10011110111111011011000100010001 3
b1011011001100011111111011111000 2
b1011010111001000010110001101101011111111001111101001101001011110 /
b1011010111001000010110001101101011111111001111101001101001011110 &
b110011111101011111111011110110100010100010100011 O
b10100001010000110001010110011100101111101101010 ]
b10100001010000110001010110011100101111101101010 '
b110011111101011111111011110110100010100010100011 =
b100111110111011001110001000101000111011111001001 <
b100111 >
b110111 ?
b11001 @
b110001 A
b101 B
b111 C
b11111 D
b1001 E
b1010 W
b110 V
b10 U
b10 T
b1001 S
b1100 Q
b10 P
b10 F
b1100 G
b1001 I
b10 J
b10 K
b110 L
b1010 M
b101100110010010010001001101010 N
b10001000001110110000011111010000 X
b10001000001110110000011111010000 ;
b10001000001110110000011111010000 4
#944
0!
0#
#946
1!
1#
b10011110111111011011000100010001 Y
b11010011000010101111100100101000 Z
b110 q
b1000010000100010101100100101 h
b1111000000011010111111110111 i
b1111000000011010111111110111 _
b1000010000100010101100100101 ^
b110 .
b11010011000010101111100100101000 1
b10011110111111011011000100010001 0
b1101001100001010111110010010100010011110111111011011000100010001 \
b110111011010000101000001011010111101110001011010110010011101100 [
b10011110111111011011000100010001 5
b11010011000010101111100100101000 6
b1000010000100010101100100101 c
b1111000000011010111111110111 d
b10000100001000101011001001011111000000011010111111110111 `
b11010011100110010000100111011111101010100101011 j
b1111000000011010111111110111 b
b1000010000100010101100100101 a
b11010011000010101111100100101000 3
b10011110111111011011000100010001 2
b110111011010000101000001011010111101110001011010110010011101100 /
b110111011010000101000001011010111101110001011010110010011101100 &
b11010100110100001010101011111110010100101010001 O
b11010011100110010000100111011111101010100101011 ]
b11010011100110010000100111011111101010100101011 '
b11010100110100001010101011111110010100101010001 =
b111010010011010001100100001111110001111010 <
b0 >
b111010 ?
b10011 @
b10001 A
b100100 B
b1111 C
b110001 D
b111010 E
b11 W
b1001 V
b101 U
b1 T
b100 S
b1000 R
b11 Q
b1110 P
b1110 F
b11 G
b1000 H
b100 I
b1 J
b101 K
b1001 L
b11 M
b11100011100001000001010110010011 N
b1100010100000101111101100001001 X
b1100010100000101111101100001001 ;
b1100010100000101111101100001001 4
#948
0!
0#
#950
1!
1#
b11010011000010101111100100101000 Y
b11111100011111110100101000011000 Z
b110000100001000101011001001 h
b1111110000000110101111111101 i
b111 q
b111 .
1m
b1111110000000110101111111101 _
b110000100001000101011001001 ^
b11111100011111110100101000011000 1
b11010011000010101111100100101000 0
b1111110001111111010010100001100011010011000010101111100100101000 \
b1001100010110100010100000111111111011001010110101101110011001000 [
b11010011000010101111100100101000 5
b11111100011111110100101000011000 6
b110000100001000101011001001 c
b1111110000000110101111111101 d
b1100001000010001010110010011111110000000110101111111101 `
1*
b10000110010010001000011011010101111010111011011 j
b1111110000000110101111111101 b
b110000100001000101011001001 a
b11111100011111110100101000011000 3
b11010011000010101111100100101000 2
b1001100010110100010100000111111111011001010110101101110011001000 /
b1001100010110100010100000111111111011001010110101101110011001000 &
b11111111000001111111110101001010100000011110001 O
b10000110010010001000011011010101111010111011011 ]
b10000110010010001000011011010101111010111011011 '
b11111111000001111111110101001010100000011110001 =
b1111001010011110111101110011111011010100101010 <
b1111 >
b1010 ?
b11110 @
b111101 A
b110011 B
b111011 C
b10100 D
b101010 E
b1100 W
b0 U
b1111 T
b10 S
b1011 Q
b1 P
b1 F
b1011 G
b10 I
b1111 J
b0 K
b1100 M
b11011100000101111000010011100 N
b1101011010011000100000110100011 X
b1101011010011000100000110100011 ;
b1101011010011000100000110100011 4
#952
0!
0#
#954
1!
1#
b11111100011111110100101000011000 Y
b10111000010001101011100010001011 Z
b1000 q
b1011000010000100010101100100 h
b1111111000000011010111111110 i
b1111111000000011010111111110 _
b1011000010000100010101100100 ^
b1000 .
1n
0m
b10111000010001101011100010001011 1
b11111100011111110100101000011000 0
b1011100001000110101110001000101111111100011111110100101000011000 \
b10000100111001101100001110111111100110111001001011100011000101 [
b11111100011111110100101000011000 5
b10111000010001101011100010001011 6
0*
1+
b1011000010000100010101100100 c
b1111111000000011010111111110 d
b10110000100001000101011001001111111000000011010111111110 `
b100010100000100110000100011001101011110011101011 j
b1111111000000011010111111110 b
b1011000010000100010101100100 a
b10111000010001101011100010001011 3
b11111100011111110100101000011000 2
b10000100111001101100001110111111100110111001001011100011000101 /
b10000100111001101100001110111111100110111001001011100011000101 &
b110111110000001000001101010111110001010001010111 O
b100010100000100110000100011001101011110011101011 ]
b100010100000100110000100011001101011110011101011 '
b110111110000001000001101010111110001010001010111 =
b10101010000101110001001001110011010100010111100 <
b10101 >
b10000 ?
b101110 @
b1001 A
b1110 B
b11010 C
b100010 D
b111100 E
b101 W
b100 V
b111 U
b110 T
b110 S
b0 R
b1001 Q
b1100 P
b1100 F
b1001 G
b0 H
b110 I
b110 J
b111 K
b100 L
b101 M
b11001001000001100110011101000101 N
b111111001111100010101000 X
b111111001111100010101000 ;
b111111001111100010101000 4
#956
0!
0#
#958
1!
1#
b10111000010001101011100010001011 Y
b11111100100000111011001010110000 Z
b10110000100001000101011001 h
b1011111110000000110101111111 i
b1001 q
b1001 .
0n
b1011111110000000110101111111 _
b10110000100001000101011001 ^
b11111100100000111011001010110000 1
b10111000010001101011100010001011 0
b1111110010000011101100101011000010111000010001101011100010001011 \
b1001000110110011000001100101011001101110011010110000011011111 [
b10111000010001101011100010001011 5
b11111100100000111011001010110000 6
b10110000100001000101011001 c
b1011111110000000110101111111 d
b101100001000010001010110011011111110000000110101111111 `
0+
b1101110100000000100100011101001111000111101111 j
b1011111110000000110101111111 b
b10110000100001000101011001 a
b11111100100000111011001010110000 3
b10111000010001101011100010001011 2
b1001000110110011000001100101011001101110011010110000011011111 /
b1001000110110011000001100101011001101110011010110000011011111 &
b11111111001010000000111110110100101010110100001 O
b1101110100000000100100011101001111000111101111 ]
b1101110100000000100100011101001111000111101111 '
b11111111001010000000111110110100101010110100001 =
b10010001101010000100011101011101010010001001110 <
b10010 >
b1101 ?
b10000 @
b100011 A
b101011 B
b101010 C
b10001 D
b1110 E
b1 W
b1110 V
b1000 U
b1110 T
b1111 S
b1 R
b1000 Q
b1010 P
b1010 F
b1000 G
b1 H
b1111 I
b1110 J
b1000 K
b1110 L
b1 M
b10101000000111111110100011100001 N
b10010101110111000001111011000001 X
b10010101110111000001111011000001 ;
b10010101110111000001111011000001 4
#960
0!
0#
#962
1!
1#
b11111100100000111011001010110000 Y
b101101100110101010011001001010 Z
b1010 q
b100101100001000010001010110 h
b1110111111100000001101011111 i
b1110111111100000001101011111 _
b100101100001000010001010110 ^
b1010 .
b101101100110101010011001001010 1
b11111100100000111011001010110000 0
b10110110011010101001100100101011111100100000111011001010110000 \
b110000000111101110001001101000110011010110011101000000110111110 [
b11111100100000111011001010110000 5
b101101100110101010011001001010 6
b100101100001000010001010110 c
b1110111111100000001101011111 d
b1001011000010000100010101101110111111100000001101011111 `
b101000000000011011011011111100011001111001110 j
b1110111111100000001101011111 b
b100101100001000010001010110 a
b101101100110101010011001001010 3
b11111100100000111011001010110000 2
b110000000111101110001001101000110011010110011101000000110111110 /
b110000000111101110001001101000110011010110011101000000110111110 &
b101011011110011110101010100001100001001010100 O
b101000000000011011011011111100011001111001110 ]
b101000000000011011011011111100011001111001110 '
b101011011110011110101010100001100001001010100 =
b11011110000101110001011101111000110011010 <
b0 >
b11011 ?
b110000 @
b101110 A
b1011 B
b101111 C
b110 D
b11010 E
b0 W
b1010 U
b111 T
b1101 S
b1011 R
b1001 Q
b1110 P
b1110 F
b1001 G
b1011 H
b1101 I
b111 J
b1010 K
b0 M
b11101001101111010111101011100000 N
b10110100101111001101011111000101 X
b10110100101111001101011111000101 ;
b10110100101111001101011111000101 4
#964
0!
0#
#966
1!
1#
b101101100110101010011001001010 Y
b1001000001111110110010101110101 Z
b1001001011000010000100010101 h
b1111101111111000000011010111 i
b1011 q
b1011 .
b1111101111111000000011010111 _
b1001001011000010000100010101 ^
b1001000001111110110010101110101 1
b101101100110101010011001001010 0
b100100000111111011001010111010100101101100110101010011001001010 \
b1001010100111010100111011111001000110001100111010100011100101000 [
b101101100110101010011001001010 5
b1001000001111110110010101110101 6
b1001001011000010000100010101 c
b1111101111111000000011010111 d
b10010010110000100001000101011111101111111000000011010111 `
b110011001000110010100111101110010011100001111 j
b1111101111111000000011010111 b
b1001001011000010000100010101 a
b1001000001111110110010101110101 3
b101101100110101010011001001010 2
b1001010100111010100111011111001000110001100111010100011100101000 /
b1001010100111010100111011111001000110001100111010100011100101000 &
b101001010000000111111110101100001010101110101010 O
b110011001000110010100111101110010011100001111 ]
b110011001000110010100111101110010011100001111 '
b101001010000000111111110101100001010101110101010 =
b101111001001000001101010010001111000110010100101 <
b101111 >
b1001 ?
b1 @
b101010 A
b10001 B
b111000 C
b110010 D
b100101 E
b1110 W
b1111 V
b1 U
b101 T
b1011 S
b1101 R
b1111 Q
b111 P
b111 F
b1111 G
b1101 H
b1011 I
b101 J
b1 K
b1111 L
b1110 M
b1111111110110110101000111111110 N
b11101110010111111110011101110011 X
b11101110010111111110011101110011 ;
b11101110010111111110011101110011 4
#968
0!
0#
#970
1!
1#
b1001000001111110110010101110101 Y
b11000011110001010100000100111001 Z
b1100 q
b110010010110000100001000101 h
b1111111011111110000000110101 i
b1111111011111110000000110101 _
b110010010110000100001000101 ^
b1100 .
b11000011110001010100000100111001 1
b1001000001111110110010101110101 0
b1100001111000101010000010011100101001000001111110110010101110101 \
b111111101100000001110101010000100100011001010111101111001010000 [
b1001000001111110110010101110101 5
b11000011110001010100000100111001 6
b110010010110000100001000101 c
b1111111011111110000000110101 d
b1100100101100001000010001011111111011111110000000110101 `
b11000110100001010000001111100111010001110010011 j
b1111111011111110000000110101 b
b110010010110000100001000101 a
b11000011110001010100000100111001 3
b1001000001111110110010101110101 2
b111111101100000001110101010000100100011001010111101111001010000 /
b111111101100000001110101010000100100011001010111101111001010000 &
b111000000111111000001010101000000010100111110011 O
b11000110100001010000001111100111010001110010011 ]
b11000110100001010000001111100111010001110010011 '
b111000000111111000001010101000000010100111110011 =
b100000110011110010001011010100111000101001100000 <
b100000 >
b110011 ?
b110010 @
b1011 A
b10100 B
b101001 D
b100000 E
b111 W
b1 V
b11 T
b1111 S
b1 R
b110 Q
b100 P
b100 F
b110 G
b1 H
b1111 I
b11 J
b1 L
b111 M
b1000110000111110011000100010111 N
b11100110010000101011100011110000 X
b11100110010000101011100011110000 ;
b11100110010000101011100011110000 4
#972
0!
0#
#974
1!
1#
b11000011110001010100000100111001 Y
b10101110011111011101110110000101 Z
b101100100101100001000010001 h
b111111110111111100000001101 i
b1101 q
b1101 .
b111111110111111100000001101 _
b101100100101100001000010001 ^
b10101110011111011101110110000101 1
b11000011110001010100000100111001 0
b1010111001111101110111011000010111000011110001010100000100111001 \
b1011111111000000011101010101011000010110010100101011110011100101 [
b11000011110001010100000100111001 5
b10101110011111011101110110000101 6
b101100100101100001000010001 c
b111111110111111100000001101 d
b1011001001011000010000100010111111110111111100000001101 `
b101101010000010101000011101100110110101111010101 j
b111111110111111100000001101 b
b101100100101100001000010001 a
b10101110011111011101110110000101 3
b11000011110001010100000100111001 2
b1011111111000000011101010101011000010110010100101011110011100101 /
b1011111111000000011101010101011000010110010100101011110011100101 &
b110101011100001111111011111011111011110000001011 O
b101101010000010101000011101100110110101111010101 ]
b101101010000010101000011101100110110101111010101 '
b110101011100001111111011111011111011110000001011 =
b11000001100011010111000010111001101011111011110 <
b11000 >
b1100 ?
b11010 @
b111000 A
b10111 B
b1101 C
b11111 D
b11110 E
b110 V
b1001 U
b1010 T
b101 S
b100 R
b11 Q
b101 P
b101 F
b11 G
b100 H
b101 I
b1010 J
b1001 K
b110 L
b1010011010001011010100101100111 N
b11010001000100111111110010100010 X
b11010001000100111111110010100010 ;
b11010001000100111111110010100010 4
#976
0!
0#
#978
1!
1#
b10101110011111011101110110000101 Y
b10010110101101011110110011011 Z
b1110 q
b101011001001011000010000100 h
b101111111101111111000000011 i
b101111111101111111000000011 _
b101011001001011000010000100 ^
b1110 .
1m
b10010110101101011110110011011 1
b10101110011111011101110110000101 0
b1001011010110101111011001101110101110011111011101110110000101 \
b10111111010001101111101010110101111101101001000011100010011111 [
b10101110011111011101110110000101 5
b10010110101101011110110011011 6
1*
b101011001001011000010000100 c
b101111111101111111000000011 d
b1010110010010110000100001000101111111101111111000000011 `
b1111000110110011100111100110101110110101 j
b101111111101111111000000011 b
b101011001001011000010000100 a
b10010110101101011110110011011 3
b10101110011111011101110110000101 2
b10111111010001101111101010110101111101101001000011100010011111 /
b10111111010001101111101010110101111101101001000011100010011111 &
b100010100101011010101101010111111011110011110110 O
b1111000110110011100111100110101110110101 ]
b1111000110110011100111100110101110110101 '
b100010100101011010101101010111111011110011110110 =
b100010101010011100011110110000011101011101000011 <
b100010 >
b101010 ?
b11100 @
b11110 A
b110000 B
b11101 C
b11101 D
b11 E
b1111 W
b1000 V
b11 U
b1111 T
b1111 S
b10 R
b100 Q
b1 P
b1 F
b100 G
b10 H
b1111 I
b1111 J
b11 K
b1000 L
b1111 M
b10100001011111111001110001111 N
b10101001011001100011100011110111 X
b10101001011001100011100011110111 ;
b10101001011001100011100011110111 4
#980
0!
0#
#982
1!
1#
b10010110101101011110110011011 Y
b111000110111110010101110010 Z
b10101100100101100001000010 h
b1010111111110111111100000001 i
b1111 q
b1111 .
0m
1u
b1010111111110111111100000001 _
b10101100100101100001000010 ^
b111000110111110010101110010 1
b10010110101101011110110011011 0
b11100011011111001010111001000010010110101101011110110011011 \
b101111011110011011011000001101010111011000011010010010100101110 [
b10010110101101011110110011011 5
b111000110111110010101110010 6
b10101100100101100001000010 c
b1010111111110111111100000001 d
b101011001001011000010000101010111111110111111100000001 `
1v
0*
1n
1m
b111001100000000001111000001110010111101110110110 j
b1010111111110111111100000001 b
b10101100100101100001000010 a
b111000110111110010101110010 3
b10010110101101011110110011011 2
b101111011110011011011000001101010111011000011010010010100101110 /
b101111011110011011011000001101010111011000011010010010100101110 &
b1110100011110111111100001010101110100100 O
b111001100000000001111000001110010111101110110110 ]
1*
1+
b111001100000000001111000001110010111101110110110 '
b1110100011110111111100001010101110100100 =
b111001101110100010001111110010011101000000010010 <
b111001 >
b101110 ?
b100010 @
b1111 A
b110010 B
b0 D
b10010 E
b1001 W
b100 V
b1001 T
b11 S
b110 R
b1 Q
b1010 P
b1010 F
b1 G
b110 H
b11 I
b1001 J
b100 L
b1001 M
b10100001011000111001001101001001 N
b10101001111100010110101000000100 X
b10101001111100010110101000000100 ;
b10101001111100010110101000000100 4
#984
0!
0#
#986
1!
1#
b111000110111110010101110010 Y
b10111011001001111101011110011111 Z
0o
0k
b0 q
b1010110010010110000100001 h
b1101011111111011111110000000 i
b1101011111111011111110000000 _
b1010110010010110000100001 ^
b0 .
0l
0u
0(
1r
0,
b10111011001001111101011110011111 1
b111000110111110010101110010 0
b1011101100100111110101111001111100000111000110111110010101110010 \
b1111110111110111100111010110000101100111010110100000111001001101 [
b111000110111110010101110010 5
b10111011001001111101011110011111 6
1%
0)
1:
b1010110010010110000100001 c
b1101011111111011111110000000 d
b10101100100101100001000011101011111111011111110000000 `
b10000011100101101000000100110110101111010100111 j
b1101011111111011111110000000 b
b1010110010010110000100001 a
b11110000111111110000111110 5
b1000000100001111011100101010011 6
0g
b1000000100001111011100101010011 3
b11110000111111110000111110 2
b1111110111110111100111010110000101100111010110100000111001001101 /
b1111110111110111100111010110000101100111010110100000111001001101 &
b101000000001010000001111110111110010101010100110 O
b10000011100101101000000100110110101111010100111 ]
b10000011100101101000000100110110101111010100111 '
b101000000001010000001111110111110010101010100110 =
b111000011101111101001111010001000111010000000001 <
b111000 >
b11101 ?
b111101 @
b10001 B
b111 C
b10000 D
b1 E
b1 W
b11 V
b10 U
b101 T
b10 R
b1011 Q
b11 P
b11 F
b1011 G
b10 H
b101 J
b10 K
b11 L
b1 M
b111011001000110101001000110001 N
b11100010011011000100111000000110 X
b11100010011011000100111000000110 ;
b11100010011011000100111000000110 4
#988
0!
0#
#990
1!
1#
b1101100001110100000101100111 e
b1011101010011001110011100111 f
b10100010100100011100100111110100110100011111010111001000011001 7
b101000101001000111001001111101 8
b110100011111010111001000011001 9
b1011101010011001110011100111 d
b1101100001110100000101100111 c
b1101100001110100000101100111 a
b1011101010011001110011100111 b
b110100011111010111001000011001 6
b101000101001000111001001111101 5
b101000101001000111001001111101 2
b110100011111010111001000011001 3
b100110101000001111111010101110100100000011110010 O
b100110101000001111111010101110100100000011110010 =
b110110110100100010111010001000010001111001010101 <
b110110 >
b110100 ?
b100010 @
b111010 A
b1000 B
b10001 C
b111001 D
b10101 E
b110 W
b1110 V
b110 U
b111 T
b10 S
b110 R
b1100 Q
b111 P
b111 F
b1100 G
b110 H
b10 I
b111 J
b110 K
b1110 L
b110 M
b1111100011000100111011011100110 N
b100000011111111000011010111111 X
b100000011111111000011010111111 ;
b100000011111111000011010111111 4
#992
0!
0#
#994
1!
1#
1k
1t
1(
0r
0%
#996
0!
0#
#998
1!
1#
0t
b1011000011101000001011001111 h
b111010100110011100111001111 i
1p
b1 q
1s
b1 .
1l
1-
b111010100110011100111001111 _
b1011000011101000001011001111 ^
b10110000111010000010110011110111010100110011100111001111 `
1)
0v
0m
1g
b1010110011010110001010001001110101111111001101 j
b1010110011010110001010001001110101111111001101 ]
b1011000011101000001011001111 c
b111010100110011100111001111 d
0*
b111010100110011100111001111 b
b1011000011101000001011001111 a
b1010110011010110001010001001110101111111001101 '
b101100011011011001110000100111010001111100111111 <
b101100 >
b11011 ?
b11001 @
b110000 A
b100111 B
b111100 D
b111111 E
b1011 W
b1001 V
b1111 S
b1100 R
b1001 Q
b10 P
b10 F
b1001 G
b1100 H
b1111 I
b1001 L
b1011 M
b101001110011110111011010011011 N
b10101010011011110101101111001001 X
b10101010011011110101101111001001 ;
b10101010011011110101101111001001 4
#1000
0!
0#
#1002
1!
1#
b110100011111010111001000011001 Y
b10000010110010110010100110110100 Z
b10 q
0s
b110000111010000010110011111 h
b1110101001100111001110011110 i
b1110101001100111001110011110 _
b110000111010000010110011111 ^
b10 .
0n
b10000010110010110010100110110100 1
b110100011111010111001000011001 0
b1000001011001011001010011011010000110100011111010111001000011001 \
b11011001011000101000010011011010101011101011010011100001010001 [
0+
0:
b110000111010000010110011111 c
b1110101001100111001110011110 d
b1100001110100000101100111111110101001100111001110011110 `
b100110011001011001101011011100011111001010010 j
b1110101001100111001110011110 b
b110000111010000010110011111 a
b110100011111010111001000011001 5
b10000010110010110010100110110100 6
b11011001011000101000010011011010101011101011010011100001010001 /
b11011001011000101000010011011010101011101011010011100001010001 &
b10000010110010110010100110110100 3
b110100011111010111001000011001 2
b100110011001011001101011011100011111001010010 ]
b100110011001011001101011011100011111001010010 '
b10000000101011001010110100101010011110110101001 O
b10000000101011001010110100101010011110110101001 =
b10100110110010010011011111110110000001111111011 <
b10100 >
b110110 ?
b10010 @
b11011 A
b111110 B
b110000 C
b1111 D
b111011 E
b101 W
b1010 V
b111 U
b1110 T
b1010 S
b1101 R
b110 Q
b110 P
b110 F
b110 G
b1101 H
b1010 I
b1110 J
b111 K
b1010 L
b101 M
b1100110110110101110011110100101 N
b1000101011001011010111111111001 X
b1000101011001011010111111111001 ;
b1000101011001011010111111111001 4
#1004
0!
0#
#1006
1!
1#
b10000010110010110010100110110100 Y
b1110001000110001101110111100000 Z
b1000011101000001011001111101 h
b1010100110011100111001111011 i
b11 q
b11 .
b1010100110011100111001111011 _
b1000011101000001011001111101 ^
b1110001000110001101110111100000 1
b10000010110010110010100110110100 0
b111000100011000110111011110000010000010110010110010100110110100 \
b110110010100000000001100011110001010110010010110110010110100111 [
b10000010110010110010100110110100 5
b1110001000110001101110111100000 6
b1000011101000001011001111101 c
b1010100110011100111001111011 d
b10000111010000010110011111011010100110011100111001111011 `
b110010101110011110000111111011110000101111110 j
b1010100110011100111001111011 b
b1000011101000001011001111101 a
b1110001000110001101110111100000 3
b10000010110010110010100110110100 2
b110110010100000000001100011110001010110010010110110010110100111 /
b110110010100000000001100011110001010110010010110110010110100111 &
b1110100010100011110001011011111011111100000000 O
b110010101110011110000111111011110000101111110 ]
b110010101110011110000111111011110000101111110 '
b1110100010100011110001011011111011111100000000 =
b1000110111010000000001100100100101111001111110 <
b1000 >
b110111 ?
b10000 @
b1 A
b100100 B
b100101 C
b111001 D
b111110 E
b1000 W
b1110 V
b10 U
b1 T
b1101 S
b1 R
b1100 Q
b10 P
b10 F
b1100 G
b1 H
b1101 I
b1 J
b10 K
b1110 L
b1000 M
b101100000111010001001011101000 N
b10101100001110000001011001010001 X
b10101100001110000001011001010001 ;
b10101100001110000001011001010001 4
#1008
0!
0#
#1010
1!
1#
b1110001000110001101110111100000 Y
b101110111100110011111111100101 Z
b100 q
b1110100000101100111110110 h
b1010011001110011100111101110 i
b1010011001110011100111101110 _
b1110100000101100111110110 ^
b100 .
b101110111100110011111111100101 1
b1110001000110001101110111100000 0
b10111011110011001111111110010101110001000110001101110111100000 \
b1001110101010100010011010110110010111100110101111001101100011011 [
b1110001000110001101110111100000 5
b101110111100110011111111100101 6
b1110100000101100111110110 c
b1010011001110011100111101110 d
b11101000001011001111101101010011001110011100111101110 `
b110101000110100111101100001001011101111011001010 j
b1010011001110011100111101110 b
b1110100000101100111110110 a
b101110111100110011111111100101 3
b1110001000110001101110111100000 2
b1001110101010100010011010110110010111100110101111001101100011011 /
b1001110101010100010011010110110010111100110101111001101100011011 &
b100101011101011110100110100111111111111100001010 O
b110101000110100111101100001001011101111011001010 ]
b110101000110100111101100001001011101111011001010 '
b100101011101011110100110100111111111111100001010 =
b10000011011111001001010101110100010000111000000 <
b10000 >
b11011 ?
b111001 @
b1010 A
b101110 B
b100010 C
b111 D
b0 E
b1101 W
b111 V
b1110 U
b1000 T
b110 S
b1011 R
b1001 Q
b11 P
b11 F
b1001 G
b1011 H
b110 I
b1000 J
b1110 K
b111 L
b1101 M
b111001101101101000111001111101 N
b11111011110000101111100101110 X
b11111011110000101111100101110 ;
b11111011110000101111100101110 4
#1012
0!
0#
#1014
1!
1#
b101110111100110011111111100101 Y
b1101110011000001000001011001110 Z
b111010000010110011111011000 h
b1001100111001110011110111010 i
b101 q
b101 .
b1001100111001110011110111010 _
b111010000010110011111011000 ^
b1101110011000001000001011001110 1
b101110111100110011111111100101 0
b110111001100000100000101100111000101110111100110011111111100101 \
b10101011101101110010111100100100101000111110100111001100100111 [
b101110111100110011111111100101 5
b1101110011000001000001011001110 6
b111010000010110011111011000 c
b1001100111001110011110111010 d
b1110100000101100111110110001001100111001110011110111010 `
b100100101110011100000101110111001011010001110111 j
b1001100111001110011110111010 b
b111010000010110011111011000 a
b1101110011000001000001011001110 3
b101110111100110011111111100101 2
b10101011101101110010111100100100101000111110100111001100100111 /
b10101011101101110010111100100100101000111110100111001100100111 &
b1101011100001100000001010000000101011001011100 O
b100100101110011100000101110111001011010001110111 ]
b100100101110011100000101110111001011010001110111 '
b1101011100001100000001010000000101011001011100 =
b101001110010010000000100100111001110001000101011 <
b101001 >
b110010 ?
b10000 @
b100 A
b100111 B
b1110 C
b1000 D
b101011 E
b1010 W
b1111 V
b1000 U
b111 T
b1110 S
b1 R
b1000 Q
b100 P
b100 F
b1000 G
b1 H
b1110 I
b111 J
b1000 K
b1111 L
b1010 M
b1001000000111100111100011111010 N
b111110010111101001010011000001 X
b111110010111101001010011000001 ;
b111110010111101001010011000001 4
#1016
0!
0#
#1018
1!
1#
b1101110011000001000001011001110 Y
b10000101011011010101100100100 Z
b110 q
b1101000001011001111101100001 h
b110011100111001111011101010 i
b110011100111001111011101010 _
b1101000001011001111101100001 ^
b110 .
b10000101011011010101100100100 1
b1101110011000001000001011001110 0
b1000010101101101010110010010001101110011000001000001011001110 \
b1010010001110100100111001011001000000101101011010001000011110 [
b1101110011000001000001011001110 5
b10000101011011010101100100100 6
b1101000001011001111101100001 c
b110011100111001111011101010 d
b11010000010110011111011000010110011100111001111011101010 `
b10010010001111100100111101011111100111011101100 j
b110011100111001111011101010 b
b1101000001011001111101100001 a
b10000101011011010101100100100 3
b1101110011000001000001011001110 2
b1010010001110100100111001011001000000101101011010001000011110 /
b1010010001110100100111001011001000000101101011010001000011110 &
b10100001010101011011110101010110100100001000 O
b10010010001111100100111101011111100111011101100 ]
b10010010001111100100111101011111100111011101100 '
b10100001010101011011110101010110100100001000 =
b10000110000101001111100011110101010011111100100 <
b10000 >
b110000 ?
b101001 @
b111100 A
b11110 B
b101010 C
b11111 D
b100100 E
b100 W
b110 V
b1001 T
b1000 S
b110 R
b101 Q
b11 P
b11 F
b101 G
b110 H
b1000 I
b1001 J
b110 L
b100 M
b110101011010001001100001100100 N
b110001000100010100011001110110 X
b110001000100010100011001110110 ;
b110001000100010100011001110110 4
#1020
0!
0#
#1022
1!
1#
b10000101011011010101100100100 Y
b1011111011100011100010010111000 Z
b100000101100111110110000111 h
b1001110011100111101110101001 i
b111 q
b111 .
1m
b1001110011100111101110101001 _
b100000101100111110110000111 ^
b1011111011100011100010010111000 1
b10000101011011010101100100100 0
b101111101110001110001001011100000010000101011011010101100100100 \
b111100001001000011001100110100111010001001110110101010000101101 [
b10000101011011010101100100100 5
b1011111011100011100010010111000 6
b100000101100111110110000111 c
b1001110011100111101110101001 d
b1000001011001111101100001111001110011100111101110101001 `
1*
b111000011011000011101101000110001111111111010011 j
b1001110011100111101110101001 b
b100000101100111110110000111 a
b1011111011100011100010010111000 3
b10000101011011010101100100100 2
b111100001001000011001100110100111010001001110110101010000101101 /
b111100001001000011001100110100111010001001110110101010000101101 &
b1011111110101110100011111000001001010111110000 O
b111000011011000011101101000110001111111111010011 ]
b111000011011000011101101000110001111111111010011 '
b1011111110101110100011111000001001010111110000 =
b110011100101101101001110111110000110101000100011 <
b110011 >
b100101 ?
b101101 @
b1110 A
b111110 B
b110 C
b101000 D
b100011 E
b1 W
b1100 V
b1111 U
b1110 T
b1010 S
b1000 R
b1010 Q
b1011 P
b1011 F
b1010 G
b1000 H
b1010 I
b1110 J
b1111 K
b1100 L
b1 M
b10111010100010101110111111000001 N
b1010001111111000010101111001011 X
b1010001111111000010101111001011 ;
b1010001111111000010101111001011 4
#1024
0!
0#
#1026
1!
1#
b1011111011100011100010010111000 Y
b1000001010100011000000011101111 Z
b1000 q
b10110011111011000011101 h
b111001110011110111010100110 i
b111001110011110111010100110 _
b10110011111011000011101 ^
b1000 .
1n
0m
b1000001010100011000000011101111 1
b1011111011100011100010010111000 0
b100000101010001100000001110111101011111011100011100010010111000 \
b1111000110000001100010011000001110110010001000111111100100001111 [
b1011111011100011100010010111000 5
b1000001010100011000000011101111 6
0*
1+
b10110011111011000011101 c
b111001110011110111010100110 d
b101100111110110000111010111001110011110111010100110 `
b100100011100011011100010101111111100010000110101 j
b111001110011110111010100110 b
b10110011111011000011101 a
b1000001010100011000000011101111 3
b1011111011100011100010010111000 2
b1111000110000001100010011000001110110010001000111111100100001111 /
b1111000110000001100010011000001110110010001000111111100100001111 &
b101000000010101010100011110000000001011101011110 O
b100100011100011011100010101111111100010000110101 ]
b100100011100011011100010101111111100010000110101 '
b101000000010101010100011110000000001011101011110 =
b1100011110110001000001011111111101001101101011 <
b1100 >
b11110 ?
b110001 @
b1 A
b11111 B
b111101 C
b1101 D
b101011 E
b1010 W
b1 V
b1000 U
b110 T
b1101 S
b100 R
b100 H
b1101 I
b110 J
b1000 K
b1 L
b1010 M
b10111010010011010110100000011010 N
b11011010100011110001001011000010 X
b11011010100011110001001011000010 ;
b11011010100011110001001011000010 4
#1028
0!
0#
#1030
1!
1#
b1000001010100011000000011101111 Y
b10000101111111101101011001111010 Z
b101100111110110000111010 h
b1110011100111101110101001100 i
b1001 q
b1001 .
0n
b1110011100111101110101001100 _
b101100111110110000111010 ^
b10000101111111101101011001111010 1
b1000001010100011000000011101111 0
b1000010111111110110101100111101001000001010100011000000011101111 \
b1110001000010111010101100001001100110101000100111011011101011110 [
b1000001010100011000000011101111 5
b10000101111111101101011001111010 6
b101100111110110000111010 c
b1110011100111101110101001100 d
b1011001111101100001110101110011100111101110101001100 `
0+
b111101001000101001011010101000110101101011111110 j
b1110011100111101110101001100 b
b101100111110110000111010 a
b10000101111111101101011001111010 3
b1000001010100011000000011101111 2
b1110001000010111010101100001001100110101000100111011011101011110 /
b1110001000010111010101100001001100110101000100111011011101011110 &
b10000001011111111111101011010101100001111110101 O
b111101001000101001011010101000110101101011111110 ]
b111101001000101001011010101000110101101011111110 '
b10000001011111111111101011010101100001111110101 =
b101101000011010110100111110010011001100100001011 <
b101101 >
b11 ?
b10110 @
b100111 A
b110010 B
b11001 C
b100100 D
b1011 E
b11 W
b1011 V
b0 U
b1001 T
b110 S
b111 R
b1101 Q
b1 P
b1 F
b1101 G
b111 H
b110 I
b1001 J
b0 K
b1011 L
b11 M
b11101011101101001000010110011 N
b100111010010110101110000010111 X
b100111010010110101110000010111 ;
b100111010010110101110000010111 4
#1032
0!
0#
#1034
1!
1#
b10000101111111101101011001111010 Y
b1100110000110101101110011111000 Z
b1010 q
b10110011111011000011101000 h
b1001110011110111010100110011 i
b1001110011110111010100110011 _
b10110011111011000011101000 ^
b1010 .
b1100110000110101101110011111000 1
b10000101111111101101011001111010 0
b110011000011010110111001111100010000101111111101101011001111010 \
b1000000001111010111011000011011100111111011000110110111110101101 [
b10000101111111101101011001111010 5
b1100110000110101101110011111000 6
b10110011111011000011101000 c
b1001110011110111010100110011 d
b101100111110110000111010001001110011110111010100110011 `
b1001101111101000100010010101011011101110110011 j
b1001110011110111010100110011 b
b10110011111011000011101000 a
b1100110000110101101110011111000 3
b10000101111111101101011001111010 2
b1000000001111010111011000011011100111111011000110110111110101101 /
b1000000001111010111011000011011100111111011000110110111110101101 &
b1100001100000011110101011011111001011111110000 O
b1001101111101000100010010101011011101110110011 ]
b1001101111101000100010010101011011101110110011 '
b1100001100000011110101011011111001011111110000 =
b101100011101011010111001110100010110001000011 <
b101 >
b100011 ?
b101011 @
b10111 A
b1110 B
b100010 C
b110001 D
b11 E
b1111 W
b1001 V
b1110 U
b110 T
b1100 S
b1001 R
b1000 Q
b111 P
b111 F
b1000 G
b1001 H
b1100 I
b110 J
b1110 K
b1001 L
b1111 M
b1111000100111000110111010011111 N
b11110001011101001101111101011 X
b11110001011101001101111101011 ;
b11110001011101001101111101011 4
#1036
0!
0#
#1038
1!
1#
b1100110000110101101110011111000 Y
b10011011110100000100110110010001 Z
b1011001111101100001110100000 h
b111001111011101010011001110 i
b1011 q
b1011 .
b111001111011101010011001110 _
b1011001111101100001110100000 ^
b10011011110100000100110110010001 1
b1100110000110101101110011111000 0
b1001101111010000010011011001000101100110000110101101110011111000 \
b100010111100000100011000110111001111011100000101001111001011011 [
b1100110000110101101110011111000 5
b10011011110100000100110110010001 6
b1011001111101100001110100000 c
b111001111011101010011001110 d
b10110011111011000011101000000111001111011101010011001110 `
b101010100011110101010110101101110000110001111101 j
b111001111011101010011001110 b
b1011001111101100001110100000 a
b10011011110100000100110110010001 3
b1100110000110101101110011111000 2
b100010111100000100011000110111001111011100000101001111001011011 /
b100010111100000100011000110111001111011100000101001111001011011 &
b110011110111111010100000001001011011110010100011 O
b101010100011110101010110101101110000110001111101 ]
b101010100011110101010110101101110000110001111101 '
b110011110111111010100000001001011011110010100011 =
b11001010100001111110110100100101011000011011110 <
b11001 >
b10100 ?
b1111 @
b110110 A
b100100 B
b101011 C
b11 D
b11110 E
b111 W
b0 V
b101 U
b1 T
b1110 S
b1010 R
b10 Q
b1001 P
b1001 F
b10 G
b1010 H
b1110 I
b1 J
b101 K
b0 L
b111 M
b10010010101011100001010100000111 N
b1100000110000100011100101101110 X
b1100000110000100011100101101110 ;
b1100000110000100011100101101110 4
#1040
0!
0#
#1042
1!
1#
b10011011110100000100110110010001 Y
b110110110001110010110010110 Z
b1100 q
b1100111110110000111010000010 h
b1100111101110101001100111001 i
b1100111101110101001100111001 _
b1100111110110000111010000010 ^
b1100 .
b110110110001110010110010110 1
b10011011110100000100110110010001 0
b11011011000111001011001011010011011110100000100110110010001 \
b1000111011000001010011011001100010110011000001000011110010110111 [
b10011011110100000100110110010001 5
b110110110001110010110010110 6
b1100111110110000111010000010 c
b1100111101110101001100111001 d
b11001111101100001110100000101100111101110101001100111001 `
b11011000110011001011001010010111011101111010110 j
b1100111101110101001100111001 b
b1100111110110000111010000010 a
b110110110001110010110010110 3
b10011011110100000100110110010001 2
b1000111011000001010011011001100010110011000001000011110010110111 /
b1000111011000001010011011001100010110011000001000011110010110111 &
b1101011011110001011100001011110010101100 O
b11011000110011001011001010010111011101111010110 ]
b11011000110011001011001010010111011101111010110 '
b1101011011110001011100001011110010101100 =
b11011001011000010101000001110110000011101111010 <
b11011 >
b1011 ?
b10 @
b101000 A
b1110 B
b110000 C
b11101 D
b111010 E
b11 W
b1000 V
b111 U
b110 T
b1100 S
b0 R
b101 P
b101 F
b0 H
b1100 I
b110 J
b111 K
b1000 L
b11 M
b1010010000011000110011110000011 N
b1000000001001101011100011001011 X
b1000000001001101011100011001011 ;
b1000000001001101011100011001011 4
#1044
0!
0#
#1046
1!
1#
b110110110001110010110010110 Y
b11011011111101101111010101011010 Z
b11111011000011101000001011 h
b11110111010100110011100111 i
b1101 q
b1101 .
b11110111010100110011100111 _
b11111011000011101000001011 ^
b11011011111101101111010101011010 1
b110110110001110010110010110 0
b1101101111110110111101010101101000000110110110001110010110010110 \
b100110011010011100111100110000101110111000111000111110101111110 [
b110110110001110010110010110 5
b11011011111101101111010101011010 6
b11111011000011101000001011 c
b11110111010100110011100111 d
b111110110000111010000010110011110111010100110011100111 `
b10001111101010100111000001101011110010110111101 j
b11110111010100110011100111 b
b11111011000011101000001011 a
b11011011111101101111010101011010 3
b110110110001110010110010110 2
b100110011010011100111100110000101110111000111000111110101111110 /
b100110011010011100111100110000101110111000111000111110101111110 &
b11011110111111110101101011110101010101011110101 O
b10001111101010100111000001101011110010110111101 ]
b10001111101010100111000001101011110010110111101 '
b11011110111111110101101011110101010101011110101 =
b1010001010101010010101010011110100111101001000 <
b1010 >
b1010 ?
b101010 @
b10101 A
b10011 B
b110100 C
b111101 D
b1000 E
b110 W
b11 V
b100 U
b0 T
b10 S
b1111 R
b1011 Q
b1111 P
b1111 F
b1011 G
b1111 H
b10 I
b0 J
b100 K
b11 L
b110 M
b11111011111100100000010000110110 N
b1000110110010111100011100101110 X
b1000110110010111100011100101110 ;
b1000110110010111100011100101110 4
#1048
0!
0#
#1050
1!
1#
b11011011111101101111010101011010 Y
b1000000000100110010001010111000 Z
b1110 q
b1111101100001110100000101100 h
b1111011101010011001110011100 i
b1111011101010011001110011100 _
b1111101100001110100000101100 ^
b1110 .
1m
b1000000000100110010001010111000 1
b11011011111101101111010101011010 0
b100000000010011001000101011100011011011111101101111010101011010 \
b1001100010110110001010001000001110111011001011011110101010101001 [
b11011011111101101111010101011010 5
b1000000000100110010001010111000 6
1*
b1111101100001110100000101100 c
b1111011101010011001110011100 d
b11111011000011101000001011001111011101010011001110011100 `
b110011101000100111010011011010110001110011000111 j
b1111011101010011001110011100 b
b1111101100001110100000101100 a
b1000000000100110010001010111000 3
b11011011111101101111010101011010 2
b1001100010110110001010001000001110111011001011011110101010101001 /
b1001100010110110001010001000001110111011001011011110101010101001 &
b1000000000000010100110100100000101010111110000 O
b110011101000100111010011011010110001110011000111 ]
b110011101000100111010011011010110001110011000111 '
b1000000000000010100110100100000101010111110000 =
b111011101000100101110101111110110100100100110111 <
b111011 >
b101000 ?
b100101 @
b110101 A
b111110 B
b100100 D
b110111 E
b0 W
b1011 V
b1110 T
b101 S
b1101 R
b1010 Q
b0 P
b0 F
b1010 G
b1101 H
b101 I
b1110 J
b1011 L
b0 M
b1010110101011110010010110000 N
b11000111000011010001010110001001 X
b11000111000011010001010110001001 ;
b11000111000011010001010110001001 4
#1052
0!
0#
#1054
1!
1#
b1000000000100110010001010111000 Y
b11100111110111110000011010011 Z
b1110110000111010000010110011 h
b1101110101001100111001110011 i
b1111 q
b1111 .
0m
1u
b1101110101001100111001110011 _
b1110110000111010000010110011 ^
b11100111110111110000011010011 1
b1000000000100110010001010111000 0
b1110011111011111000001101001101000000000100110010001010111000 \
b11000100111001010000000101001001110011000111101001010100010111 [
b1000000000100110010001010111000 5
b11100111110111110000011010011 6
b1110110000111010000010110011 c
b1101110101001100111001110011 d
b11101100001110100000101100111101110101001100111001110011 `
1v
0*
1n
1m
b1111111110101000001011110011101110000110111111 j
b1101110101001100111001110011 b
b1110110000111010000010110011 a
b11100111110111110000011010011 3
b1000000000100110010001010111000 2
b11000100111001010000000101001001110011000111101001010100010111 /
b11000100111001010000000101001001110011000111101001010100010111 &
b100011111001011111110111111100000001011010100110 O
b1111111110101000001011110011101110000110111111 ]
1*
1+
b1111111110101000001011110011101110000110111111 '
b100011111001011111110111111100000001011010100110 =
b101100000111110111111100001111101111011100011001 <
b101100 >
b111 ?
b110111 @
b111100 A
b1111 B
b101111 C
b11100 D
b11001 E
b110 V
b1010 U
b1 T
b1000 S
b11 R
b111 Q
b10 P
b10 F
b111 G
b11 H
b1000 I
b1 J
b1010 K
b110 L
b100111001110000001101001100000 N
b1110100001100000100011001010100 X
b1110100001100000100011001010100 ;
b1110100001100000100011001010100 4
#1056
0!
0#
#1058
1!
1#
b11100111110111110000011010011 Y
b110100001000110110010011101100 Z
0k
b0 q
b1101100001110100000101100111 h
b1011101010011001110011100111 i
b1011101010011001110011100111 _
b1101100001110100000101100111 ^
b0 .
0l
0u
0(
b110100001000110110010011101100 1
b11100111110111110000011010011 0
b11010000100011011001001110110000011100111110111110000011010011 \
b11001000110010110001011010000111100010011111010010111100101011 [
b11100111110111110000011010011 5
b110100001000110110010011101100 6
0)
b1101100001110100000101100111 c
b1011101010011001110011100111 d
b11011000011101000001011001111011101010011001110011100111 `
b101011010001101110001101101101011110110100101011 j
b1011101010011001110011100111 b
b1101100001110100000101100111 a
0g
b110100001000110110010011101100 3
b11100111110111110000011010011 2
b11001000110010110001011010000111100010011111010010111100101011 /
b11001000110010110001011010000111100010011111010010111100101011 &
b110101000000100000110101100001001011101011000 O
b101011010001101110001101101101011110110100101011 ]
b101011010001101110001101101101011110110100101011 '
b110101000000100000110101100001001011101011000 =
b101101111001101010001011000001010111101001110011 <
b101101 >
b111001 ?
b101010 @
b1011 A
b1 B
b10111 C
b101001 D
b110011 E
b1100 W
b1 V
b1110 U
b1110 T
b1111 S
b1111 R
b0 Q
b1 P
b1 F
b0 G
b1111 H
b1111 I
b1110 J
b1110 K
b1 L
b1100 M
b10000111111111110111000011100 N
b10011111011001010001000111101110 X
b10011111011001010001000111101110 ;
b10011111011001010001000111101110 4
#1060
0!
0#
#1062
1!
1#
b110100001000110110010011101100 Y
b10000011100111101111000100111101 Z
0p
0-
1r
b10000011100111101111000100111101 1
b110100001000110110010011101100 0
b1000001110011110111100010011110100110100001000110110010011101100 \
b110010101110000100110110001001110010101101011110000111001010110 [
b110100001000110110010011101100 5
b10000011100111101111000100111101 6
1%
1:
b101000101001000111001001111101 5
b110100011111010111001000011001 6
b110100011111010111001000011001 3
b101000101001000111001001111101 2
b110010101110000100110110001001110010101101011110000111001010110 /
b110010101110000100110110001001110010101101011110000111001010110 &
b100110101000001111111010101110100100000011110010 O
b100110101000001111111010101110100100000011110010 =
b1101111001100001110111000011111010110111011001 <
b1101 >
b100001 @
b110111 A
b11 B
b111010 C
b110111 D
b11001 E
b0 W
b1111 V
b1101 U
b1011 T
b1011 S
b1 R
b1101 P
b1101 F
b1 H
b1011 I
b1011 J
b1101 K
b1111 L
b0 M
b11010000000110111011110111110000 N
b10110111110100001010010011001011 X
b10110111110100001010010011001011 ;
b10110111110100001010010011001011 4
#1064
0!
0#
#1066
1!
1#
#1068
0!
0#
#1070
1!
1#
#1072
0!
0#
#1074
1!
1#
#1076
0!
0#
